kaptCode,기본정보.1.kaptName,bjdCode,평균_매매가,평균_전세가,전용면적,갭차이,kaptdaCnt,기본정보.1.kaptAddr,기본정보.1.kaptDongCnt,기본정보.1.kaptdaCnt,기본정보.1.hoCnt,기본정보.1.privArea,기본정보.1.bjdCode
A45176705,명지미래힐1차,4122025621,14700,14000,83.456,700,287,경기도 평택시 포승읍 내기리 697 명지미래힐1차,4,287,287,23951.872,4122025621
A10024739,이천 마장 리젠시빌란트,4150034021,27305,26550,57.3766,755,298,경기도 이천시 마장면 오천리 4-6 이천 마장 리젠시빌란트,4,298,298,17036.0488,4150034021
A45671419,공도주은풍림,4155025025,11890,10800,49.77,1090,2615,경기도 안성시 공도읍 용두리 752 공도주은풍림,12,2615,2615,131430.15,4155025025
A45073517,시대한우리,4122011800,11100,10000,35.743,1100,550,경기도 평택시 비전동 874 시대한우리,4,550,550,24198.702,4122011800
A46971711,,4167010900,11285.71429,10000,59.995,1285.714286,,,,,,,
A40575812,만수 뉴서울 아파트,2820010300,10231.57895,8900,34.65,1331.578947,1234,인천광역시 남동구 만수동 1044 만수 뉴서울 아파트,6,1234,1234,42758.1,2820010300
A40010302,신흥아이파크 아파트,2811012800,20928.57143,19500,59.904,1428.571429,1330,인천광역시 중구 신흥동3가 7-235 신흥아이파크 아파트,9,1330,1330,108418.504,2811012800
A48791104,,4165034022,6950,5500,53.008,1450,,,,,,,
A40204001,학익두산위브,2817710300,9500,7900,15.987,1600,432,인천광역시 미추홀구 학익동 739 학익두산위브,3,432,432,44656.069,2817710300
A45974409,이충부영3단지,4122010900,14422.91667,12666.66667,56.62,1756.25,600,경기도 평택시 이충동 594-2 이충부영3단지,5,600,600,34161.24,4122010900
A48312001,상패주공,4125011200,7000,5000,39.99,2000,498,경기도 동두천시 상패동 61 상패주공,6,498,498,23962,4125011200
A46985618,,4167012200,7044.444444,5000,37.52,2044.444444,,,,,,,
A44772116,운암주공5단지,4137010300,19200,17000,49.95,2200,1186,경기도 오산시 원동 815-1 운암주공5단지,13,1186,1186,68996.53,4137010300
A10027209,신동백동도센트리움,4146311600,26200,24000,36.214,2200,254,경기도 용인기흥구 중동 1140 신동백동도센트리움,2,254,254,8177.589,4146311600
A44021003,수원로얄팰리스,4111113500,12750,10250,26.65,2500,614,경기도 수원장안구 송죽동 514 수원로얄팰리스,7,614,685,44360.36,4111113500
A48375502,송내주공5단지,4125010100,15542.85714,13000,59.92,2542.857143,577,경기도 동두천시 송내동 696-3 송내주공5단지,9,577,577,48780.37,4125010100
A48373913,송내주공1단지,4125010200,16041.66667,13000,59.56,3041.666667,1862,경기도 동두천시 지행동 717-2 송내주공1단지,,1862,0,135210.38,4125010200
A41137104,주엽강선마을11단지태영,4128710200,20250,17000,41.85,3250,344,경기도 고양일산서구 주엽동 73 주엽강선마을11단지태영,2,344,344,14396.4,4128710200
A10027618,안성 롯데캐슬 아파트,4155035031,22480,19200,74.46632,3280,2320,경기도 안성시 대덕면 신령리 820 안성 롯데캐슬 아파트,30,2320,2320,159991.2517,4155035031
A46980118,,4167012200,25300,22000,84.98,3300,,,,,,,
A40302005,삼보,2823710300,17500,14000,55.12,3500,295,인천광역시 부평구 산곡동 180-116 삼보,4,295,295,17517.765,2823710300
A41506005,김포전원마을월드3단지,4157010300,41500,38000,164.97,3500,324,경기도 김포시 운양동 1439 김포전원마을월드3단지,4,324,324,35729.86,4157010300
A46404003,곤지암킴스빌리지,4161025936,15600,12100,41.598,3500,1152,경기도 광주시 곤지암읍 삼리 125-1 곤지암킴스빌리지,4,1152,1152,49639.68,4161025936
A45170406,송화우미이노스빌,4122025045,20671.42857,17000,80.9879,3671.428571,719,경기도 평택시 팽성읍 송화리 788-1 송화우미이노스빌,12,719,719,59577.9701,4122025045
A48373801,송내아이파크,4125010100,23800,20000,84.7643,3800,424,경기도 동두천시 송내동 664-4 송내아이파크,7,424,424,44429.4612,4125010100
A48075603,용현세아1차,4115010500,19000,15000,84.88,4000,202,경기도 의정부시 용현동 390 용현세아1차,2,202,202,17145.76,4115010500
A48093615,신곡주공4단지,4115010400,18575,14500,49.79,4075,957,경기도 의정부시 신곡동 754 신곡주공4단지,10,957,957,53741.9,4115010400
A45670403,금산주은청설,4155011400,8292.5,4000,39.75,4292.5,457,경기도 안성시 금산동 81-2 금산주은청설,5,457,457,32850.72,4155011400
A44901004,예진마을2차,4146110600,19000,14500,59.5627,4500,416,경기도 용인처인구 고림동 995 예진마을2차,8,416,416,38660.5056,4146110600
A10026405,,4182032521,20500,16000,59.87,4500,,,,,,,
A40204109,학익동아풍림,2817710300,28037.5,23458.33333,74.10583333,4579.166667,1480,인천광역시 미추홀구 학익동 719 학익동아풍림,22,1480,1480,159208,2817710300
A10024746,,4180025321,12100,7300,42.18,4800,,,,,,,
A10026955,,4163033021,19665,14200,59.987,5465,,,,,,,
A46771203,브라운스톤,4150010700,36500,31000,84.446,5500,214,경기도 이천시 안흥동 307-7 브라운스톤,3,214,233,18053.1802,4150010700
A48077007,장암주공2단지,4115010300,17100,11550,41.85,5550,1661,경기도 의정부시 장암동 5 장암주공2단지,16,1661,1661,82594.83,4115010300
A10025488,서해그랑블아파트,4155025021,25700,20000,72.7378,5700,976,경기도 안성시 공도읍 양기리 615 서해그랑블아파트,10,976,976,62047.1769,4155025021
A47691103,,4183031021,25700,20000,84.9088,5700,,,,,,,
A48690304,,4180025321,15800,10000,66.604,5800,,,,,,,
A10021482,동양아파트,4125010300,20900,15000,84.9414,5900,132,경기도 동두천시 생연동 251- 동양아파트,2,132,132,7912.08,4125010300
A48370313,동두천월드메르디앙,4125010300,18960,13000,84.4174,5960,361,경기도 동두천시 생연동 231 동두천월드메르디앙,7,361,361,30291.9558,4125010300
A10024452,,4165025021,24356.25,18250,62.8145,6106.25,,,,,,,
A48302007,지행주공2단지,4125010200,12583.33333,6000,59.99,6583.333333,491,경기도 동두천시 지행동 270-3 지행주공2단지,7,491,491,28730.89,4125010200
A45624002,신원아침도시,4155011800,28333.33333,21500,84.99,6833.333333,614,경기도 안성시 석정동 355 신원아침도시,8,614,614,54826.38,4155011800
A48373910,지행동원베네스트,4125010200,26880,20000,84.886,6880,486,경기도 동두천시 지행동 354 지행동원베네스트,11,486,486,44002.483,4125010200
A41383318,해솔마을3단지 운정현대,4148011700,31115,24000,84.993,7115,1274,경기도 파주시 목동동 2-110 해솔마을3단지 운정현대,16,1274,1274,116917.976,4148011700
A10023069,,4183040024,29775,22500,59.990525,7275,,,,,,,
A45973601,칠괴우림필유,4122010400,24300,17000,84.981225,7300,352,경기도 평택시 칠괴동 601 칠괴우림필유,6,352,352,29912.96,4122010400
A10026638,"가좌두산위브트레지움1,2단지아파트",2826011200,37475,30000,59.7825,7475,1757,"인천광역시 서구 가좌동 611 가좌두산위브트레지움1,2단지아파트",16,1757,1757,115341.76,2826011200
A40482901,석남 우림필유,2826011000,34500,27000,84.924,7500,288,인천광역시 서구 석남동 588 석남 우림필유,4,288,288,22128.1152,2826011000
A40473206,당하 푸르지오아파트,2826011400,34500,27000,73.827,7500,719,인천광역시 서구 당하동 1099-2 당하 푸르지오아파트,11,719,719,61012.267,2826011400
A48072912,한일유앤아이,4115010400,22500,15000,52.8786,7500,700,경기도 의정부시 신곡동 393-11 한일유앤아이,9,700,700,51867.3646,4115010400
A46273001,상대원삼익,4113310500,23500,15750,34.05,7750,264,경기도 성남중원구 상대원동 152-3 상대원삼익,2,264,264,8989.2,4113310500
A42984207,숲속마을,4139013000,26860.52632,19000,59.965,7860.526316,856,경기도 시흥시 장곡동 806 숲속마을,12,856,856,51301.06,4139013000
A45015003,비전경남아너스빌,4122011800,31900,24000,84.986,7900,903,경기도 평택시 비전동 931 비전경남아너스빌,19,903,903,79879.32,4122011800
A10026108,안성원곡제일오투그란데,4155038026,26400,18500,77.17,7900,797,경기도 안성시 원곡면 외가천리 228-12 안성원곡제일오투그란데,10,797,797,51366.61,4155038026
A46790505,현대,4150025023,30175,22000,84.99,8175,362,경기도 이천시 장호원읍 진암리 17-18 현대,4,362,362,28857.18,4150025023
A48270103,,4163011600,24200,16000,84.995,8200,,,,,,,
A44536022,병점역센트럴허브시티,4159011700,41340,33000,84.92626667,8340,1499,경기도 화성시 병점동 817 병점역센트럴허브시티,20,1499,1499,126740.527,4159011700
A40202203,용현성원상떼빌,2817710200,33422.22222,25000,84.9297,8422.222222,550,인천광역시 미추홀구 용현동 649 용현성원상떼빌,7,550,550,46711.335,2817710200
A40772301,계양1차하우스토리,2824510900,38500,30000,84.996,8500,257,인천광역시 계양구 박촌동 311 계양1차하우스토리,5,257,257,24381.065,2824510900
A10026093,용인기흥 우방아이유쉘 아파트,4146310100,45566.66667,37000,74.951,8566.666667,400,경기도 용인기흥구 신갈동 407 용인기흥 우방아이유쉘 아파트,7,400,400,25574.946,4146310100
A44072412,율전밤꽃마을뜨란채,4111113200,41664.28571,33000,84.8,8664.285714,1078,경기도 수원장안구 율전동 546 율전밤꽃마을뜨란채,13,1078,1078,86945.24,4111113200
A47286708,광릉숲금강펜테리움,4136025321,48766.66667,40000,84.9749,8766.666667,500,경기도 남양주시 진접읍 장현리 701 광릉숲금강펜테리움,10,500,500,42481.504,4136025321
A44658108,강남마을9단지한라비발디,4146311700,38783.33333,30000,84.98333333,8783.333333,890,경기도 용인기흥구 상하동 630 강남마을9단지한라비발디,8,890,890,82329.8,4146311700
A10027911,화도효성해링턴플레이스,4136025627,34950,26000,84.98352,8950,635,경기도 남양주시 화도읍 월산리 1527 화도효성해링턴플레이스,7,635,635,52463.8497,4136025627
A44673703,삼성래미안,4146310500,37000,28000,84.885,9000,370,경기도 용인기흥구 보라동 450 삼성래미안,6,370,370,26622.68,4146310500
A10025974,오포문형 양우내안애 아파트,4161011700,31000,22000,84.9961,9000,1028,경기도 광주시 문형동 600 오포문형 양우내안애 아파트,15,1028,1028,87357.4984,4161011700
A10023413,,4183025032,39000,30000,74.9933,9000,,,,,,,
A41503009,풍년마을청구한라,4157010100,34625,25500,59.9725,9125,900,경기도 김포시 북변동 815 풍년마을청구한라,15,900,900,53979,4157010100
A41574413,한강호반베르디움,4157010400,36133.33333,27000,59.98382222,9133.333333,1584,경기도 김포시 장기동 1885-6 한강호반베르디움,15,1584,1584,94979.4055,4157010400
A41383317,한울마을2단지운정벽산블루밍아파트,4148011300,34200,25000,84.556,9200,1260,경기도 파주시 동패동 200-1 한울마을2단지운정벽산블루밍아파트,19,1260,1260,115654.242,4148011300
A10020903,힐스테이트 숭의역,2817710100,34418.2,25000,59.9763,9418.2,748,인천광역시 미추홀구 숭의동 362-19 힐스테이트 숭의역,4,748,748,47322.4722,2817710100
A10023247,,4180025025,25830,16400,69.97942,9430,,,,,,,
A10023892,진접스타힐스  아파트,4136025325,39525,30000,74.9959,9525,1266,경기도 남양주시 진접읍 부평리 703-1 진접스타힐스  아파트,13,1266,1266,88830.6397,4136025325
A44773903,제일하이빌,4137010400,29525,20000,84.8821,9525,370,경기도 오산시 궐동 616-2 제일하이빌,4,370,370,28607.6762,4137010400
A41078302,숲속마을 7단지,4128510700,41238.88889,31444.44444,84.89,9794.444444,982,경기도 고양일산동구 풍동 1261 숲속마을 7단지,9,982,982,81406.85,4128510700
A10024518,,4167012200,37892.30769,28000,84.98347692,9892.307692,,,,,,,
A41503005,북변풍년마을삼성,4157010100,46000,36000,108.755,10000,450,경기도 김포시 북변동 806 북변풍년마을삼성,5,450,450,58651.35,4157010100
A41503004,북변풍년마을신일,4157010100,44062.5,34000,100.517,10062.5,396,경기도 김포시 북변동 812 북변풍년마을신일,5,396,396,45822.26,4157010100
A40579713,논현센트럴뷰,2820011000,41150,31000,59.58,10150,820,인천광역시 남동구 논현동 749-1 논현센트럴뷰,6,820,820,48982.48,2820011000
A44173619,매탄권선역 리버파크,4111313700,43175,33000,59.81,10175,582,경기도 수원권선구 권선동 1304 매탄권선역 리버파크,6,582,582,33786.42,4111313700
A10022378,"강화 서희스타힐스 1,2단지",2871031025,25048.15789,14800,61.85733421,10248.15789,1324,"인천광역시 강화군 선원면 창리 456- 강화 서희스타힐스 1,2단지",18,1324,1324,88355.3337,2871031025
A10022657,,4182025022,37250,27000,84.8166,10250,,,,,,,
A42980104,일우,4139012700,13300,3000,42.72,10300,410,경기도 시흥시 거모동 1474-1 일우,8,410,410,17515.2,4139012700
A42514303,수정한양,4127310900,38450,28000,84.975,10450,1870,경기도 안산단원구 선부동 1086 수정한양,38,1870,1870,153791.612,4127310900
A44675301,신동백롯데캐슬에코1단지,4146311600,60500,50000,99.42,10500,1902,경기도 용인기흥구 중동 1096 신동백롯데캐슬에코1단지,17,1902,1902,188763.62,4146311600
A41282702,옥빛마을12단지,4128112300,37100,26500,60,10600,570,경기도 고양덕양구 화정동 988 옥빛마을12단지,5,570,570,33741.15,4128112300
A42689402,푸른마을주공4단지,4127110300,32675,22000,59.65,10675,327,경기도 안산상록구 사동 1537 푸른마을주공4단지,6,327,327,18594.62,4127110300
A10022761,힐스테이트 남산,1114013600,55000,44000,29.17,11000,282,서울특별시 중구 묵정동 35 힐스테이트 남산,2,282,282,11058.39,1114013600
A44728006,세교데시앙포레,4137010700,42000,31000,123.11,11000,1060,경기도 오산시 금암동 515 세교데시앙포레,19,1060,1075,119645.97,4137010700
A41319001,엘크루 가람마을5단지,4148012200,40000,29000,84.97,11000,821,경기도 파주시 와동동 1332 엘크루 가람마을5단지,12,821,823,67558.21,4148012200
A10025169,오포추자서희스타힐스아파트,4161011800,36150,25000,84.8989,11150,605,경기도 광주시 추자동 586 오포추자서희스타힐스아파트,8,605,607,48770.6883,4161011800
A43081601,한승미메이드,4117110100,41200,30000,59.874,11200,218,경기도 안양만안구 안양동 155-2 한승미메이드,1,218,218,14575.68,4117110100
A40309002,삼산임광그대가,2823710500,42250,31000,84.91,11250,393,인천광역시 부평구 삼산동 500 삼산임광그대가,9,393,393,33369.63,2823710500
A10026716,오산시티자이1단지,4137010200,37955,26700,68.670595,11255,1099,경기도 오산시 부산동 800 오산시티자이1단지,11,1099,1099,81641.9168,4137010200
A10026569,은계센트럴타운,4139010600,40185.71429,28900,51.96,11285.71429,1025,경기도 시흥시 은행동 619 은계센트럴타운,11,1025,1025,69683.88,4139010600
A10025311,평택지제역동문굿모닝힐맘시티2단지,4122010500,32287.5,21000,74.766,11287.5,1030,경기도 평택시 칠원동 559 평택지제역동문굿모닝힐맘시티2단지,13,1030,1030,70977.7135,4122010500
A46475208,오포현대모닝사이드2차,4161011500,38400,27000,84.778,11400,348,경기도 광주시 신현동 588-1 오포현대모닝사이드2차,5,348,348,29502.744,4161011500
A44773304,운암주공2단지,4137010100,33483.33333,22000,84.34,11483.33333,1036,경기도 오산시 오산동 920-2 운암주공2단지,11,1036,1036,87379.84,4137010100
A10022510,공도서희스타힐스,4155025026,34500,23000,84.9851,11500,786,경기도 안성시 공도읍 승두리 936- 공도서희스타힐스,9,786,786,52058.9771,4155025026
A10024613,작전역 서해그랑블아파트,2824510300,42800,31000,59.9887,11800,280,인천광역시 계양구 작전동 443-2 작전역 서해그랑블아파트,3,280,280,17027.801,2824510300
A10025702,영종센트럴푸르지오자이 아파트,2811014600,37322.22222,25000,64.643,12322.22222,1604,인천광역시 중구 운남동 1779 영종센트럴푸르지오자이 아파트,19,1604,1604,120549.215,2811014600
A10027239,,4163011400,35432,23000,58.981916,12432,,,,,,,
A48079902,양주서희스타힐스1단지,4163011000,31500,19000,72.02,12500,207,경기도 양주시 덕정동 538 양주서희스타힐스1단지,4,207,207,16933.45,4163011000
A10025737,간석 한신더휴,2820010200,36500,23625,59.925,12875,643,인천광역시 남동구 간석동 616-6 간석 한신더휴,9,643,643,48049.1435,2820010200
A10026127,반도유보라아이비파크 10.0 1단지,4159013500,42938.88889,30000,59.7731,12938.88889,1241,경기도 화성시 산척동 744 반도유보라아이비파크 10.0 1단지,15,1241,1241,83405.8074,4159013500
A10022099,성저마을 10단지,4128710400,43000,30000,59.05,13000,120,경기도 고양일산서구 대화동 2000- 성저마을 10단지,6,120,120,9565.92,4128710400
A10025618,은계브리즈힐아파트,4139010600,53000,40000,74.91,13000,835,경기도 시흥시 은행동 44 은계브리즈힐아파트,10,835,835,66481.83,4139010600
A15375809,독산주공14단지,1154510200,35033.33333,22000,43.87333333,13033.33333,840,서울특별시 금천구 독산동 1088 독산주공14단지,5,840,840,41208,1154510200
A10023151,힐스테이트푸르지오주안,2817710500,44540,31500,59.964,13040,2958,인천광역시 미추홀구 주안동 1425-2 힐스테이트푸르지오주안,22,2958,2958,201073.94,2817710500
A10024731,초월역 모아 미래도 파크힐스 아파트,4161025322,40240,27000,74.97864,13240,587,경기도 광주시 초월읍 쌍동리 252-7 초월역 모아 미래도 파크힐스 아파트,7,587,587,48188.8003,4161025322
A15004201,당산동대우,1156011200,34900,21600,31.73,13300,536,서울특별시 영등포구 당산동2가 16-1 당산동대우,2,536,536,19302.66,1156011200
A40772202,계양센트레빌1단지,2824511100,46325,33000,84.97565,13325,715,인천광역시 계양구 귤현동 531 계양센트레빌1단지,12,715,715,65428.842,2824511100
A43004001,석수현진에버빌,4117110200,53500,40000,59.99,13500,154,경기도 안양만안구 석수동 413-2 석수현진에버빌,3,154,154,10996.7,4117110200
A10024261,부평지웰에스테이트,2823710600,46550,33000,74.98,13550,151,인천광역시 부평구 갈산동 171 부평지웰에스테이트,3,151,151,10482.18,2823710600
A48073114,장암현대2차,4115010400,40580,27000,82.34,13580,795,경기도 의정부시 신곡동 724-2 장암현대2차,8,795,795,61256.1,4115010400
A10025620,e편한세상신곡파크비스타,4115010400,45696.875,32000,72.93733125,13696.875,1561,경기도 의정부시 신곡동 816 e편한세상신곡파크비스타,13,1561,1561,112430.5371,4115010400
A10023677,동인천역파크푸르지오,2814010700,42700,29000,59.8701,13700,2562,인천광역시 동구 송림동 348 동인천역파크푸르지오,12,2562,2562,153631.1077,2814010700
A44532011,동탄푸른마을신일해피트리,4159011800,41700,28000,59.05,13700,794,경기도 화성시 능동 1150 동탄푸른마을신일해피트리,13,794,794,53034.99,4159011800
A10026301,광주센트럴푸르지오,4161010200,41025,27300,62.9836,13725,1425,경기도 광주시 쌍령동 503 광주센트럴푸르지오,18,1425,1425,108314.2533,4161010200
A46476308,초월롯데낙천대2단지,4161025322,46750,33000,84.93,13750,418,경기도 광주시 초월읍 쌍동리 389 초월롯데낙천대2단지,6,418,418,34560.5,4161025322
A13610001,정릉우방아파트,1129013300,47000,33000,59.98,14000,196,서울특별시 성북구 정릉동 1016 정릉우방아파트,1,196,196,15040.87,1129013300
A10026908,계양 코아루 센트럴파크아파트,2824510600,45000,31000,59.99,14000,724,인천광역시 계양구 용종동 207-1 계양 코아루 센트럴파크아파트,6,724,724,56823.42,2824510600
A10020940,,4180025321,33564,19500,84.936,14064,,,,,,,
A10026178,e편한세상 용인한숲시티6단지,4146125931,37990.90909,23636.36364,77.806,14354.54545,1784,경기도 용인처인구 남사읍 완장리 954 e편한세상 용인한숲시티6단지,15,1784,1784,134588.978,4146125931
A10023306,e편한세상 영종국제도시 센텀베뉴,2811014500,54500,40000,98.03195,14500,1409,인천광역시 중구 중산동 1871-1 e편한세상 영종국제도시 센텀베뉴,16,1409,1409,126881.5637,2811014500
A10028031,구월아시아드선수촌 6단지,2820010100,44684.21053,30000,74.92210526,14684.21053,602,인천광역시 남동구 구월동 1524 구월아시아드선수촌 6단지,7,602,602,47633.14,2820010100
A10023342,주안파크자이더플래티넘,2817710500,44725,30000,59.9145,14725,2054,인천광역시 미추홀구 주안동 830 주안파크자이더플래티넘,13,2054,2054,133230.9679,2817710500
A44072003,정자연꽃마을벽산,4111113000,49800,35000,84.96,14800,392,경기도 수원장안구 정자동 873-3 정자연꽃마을벽산,5,392,392,33304.32,4111113000
A10022813,,4182025021,39833.33333,25000,84.96843333,14833.33333,,,,,,,
A10027199,한강센트럴자이1단지,4157010400,49975,35000,84.96942,14975,3481,경기도 김포시 장기동 2128-1 한강센트럴자이1단지,35,3481,3481,287296.654,4157010400
A13684701,정릉중앙하이츠,1129013300,52000,37000,59.79,15000,261,서울특별시 성북구 정릉동 809 정릉중앙하이츠,4,261,261,19712.04,1129013300
A44072110,화서역파크뷰아파트,4111113000,40000,25000,59.94,15000,530,경기도 수원장안구 정자동 882-5 화서역파크뷰아파트,5,530,530,30605.64,4111113000
A42924001,능곡엘드수목토,4139011800,47000,32000,84.685,15000,272,경기도 시흥시 능곡동 789 능곡엘드수목토,7,272,272,23034.32,4139011800
A15777501,마곡중앙하이츠아파트,1150010900,51044.44444,36000,51.03,15044.44444,930,서울특별시 강서구 방화동 852 마곡중앙하이츠아파트,8,930,930,46610.1,1150010900
A10024363,계양효성해링턴플레이스,2824510400,50576.92308,35461.53846,67.67038462,15115.38462,1669,인천광역시 계양구 서운동 9-13 계양효성해링턴플레이스,16,1669,1669,120457.337,2824510400
A41072715,하늘마을2단지,4128510200,45200,30000,84.695,15200,1000,경기도 고양일산동구 중산동 1700 하늘마을2단지,10,1000,1000,83239.92,4128510200
A42621003,건건이편한세상,4127111100,40222.22222,25000,59.9713,15222.22222,1886,경기도 안산상록구 건건동 987 건건이편한세상,19,1886,1886,136060.9136,4127111100
A10027062,한강신도시 반도유보라3차,4157010800,40260,25030,69.99312,15230,662,경기도 김포시 마산동 640-5 한강신도시 반도유보라3차,14,662,662,46690.4413,4157010800
A10022497,힐스테이트초월역2단지,4161025322,50333.33333,35000,84.9436,15333.33333,506,경기도 광주시 초월읍 쌍동리 402- 힐스테이트초월역2단지,7,506,506,41240.1739,4161025322
A41383315,가람마을8단지동문굿모닝힐,4148012200,32527.77778,17000,84.88966667,15527.77778,1225,경기도 파주시 와동동 205 가람마을8단지동문굿모닝힐,13,1225,1225,98852.635,4148012200
A10023675,옥정역 로제비앙 메트로파크 1단지,4163010800,38650,23000,84.9065,15650,946,경기도 양주시 삼숭동 690 옥정역 로제비앙 메트로파크 1단지,11,946,946,80492.0351,4163010800
A10023431,부평역 한라비발디 트레비앙 아파트,2823710100,36700,21000,39.886,15700,385,인천광역시 부평구 부평동 608-3 부평역 한라비발디 트레비앙 아파트,4,385,385,24277.367,2823710100
A43178402,공작럭키,4117310200,43743.33333,28000,49.8,15743.33333,766,경기도 안양동안구 관양동 1587 공작럭키,8,766,766,38146.8,4117310200
A10026920,민락호반베르디움1차,4115010600,53746.42857,38000,84.9788,15746.42857,1567,경기도 의정부시 민락동 847 민락호반베르디움1차,17,1567,1567,133153.589,4115010600
A40470311,청라엑슬루타워,2826012200,52250,36500,92.43,15750,616,인천광역시 서구 청라동 164-1 청라엑슬루타워,2,616,616,71436.56,2826012200
A44147001,서수원자이,4111314000,44750,29000,84.8086,15750,921,경기도 수원권선구 입북동 810 서수원자이,17,921,921,78108.7206,4111314000
A10023609,화성시청역 센트럴파크 스타힐스2단지,4159026222,40785.71429,25000,75.79238571,15785.71429,1005,경기도 화성시 남양읍 신남리 67-15 화성시청역 센트럴파크 스타힐스2단지,11,1005,1005,75780.1146,4159026222
A44851609,상현마을현대성우1차,4146510700,65316.66667,49500,134.5019,15816.66667,470,경기도 용인수지구 상현동 851 상현마을현대성우1차,9,470,470,60516.849,4146510700
A44589606,한울마을 신창비바패밀리2단지,4159025323,40933.33333,25000,123.3429,15933.33333,444,경기도 화성시 봉담읍 수영리 673 한울마을 신창비바패밀리2단지,6,444,444,42826.7227,4159025323
A10025256,영종국제도시 화성파크드림,2811014500,44000,28000,84.7363,16000,657,인천광역시 중구 중산동 1889-2 영종국제도시 화성파크드림,5,657,657,54064.6467,2811014500
A10023305,서희스타힐스포레스트2단지,4146110200,41842.85714,25714.28571,62.13898571,16128.57143,838,경기도 용인처인구 역북동 233 서희스타힐스포레스트2단지,10,838,838,59214.4475,4146110200
A44670701,신동백롯데캐슬에코2단지,4146311600,56166.66667,40000,84.91,16166.66667,868,경기도 용인기흥구 중동 1101 신동백롯데캐슬에코2단지,9,868,868,86362.78,4146311600
A47103006,구리토평주공,4131010500,51233.33333,35000,59.92,16233.33333,693,경기도 구리시 수택동 879 구리토평주공,9,693,693,40303.48,4131010500
A10024527,더샵인천스카이타워2단지,2817710400,49033.33333,32500,74.96536667,16533.33333,588,인천광역시 미추홀구 도화동 1002 더샵인천스카이타워2단지,3,588,588,47661.6054,2817710400
A41273301,화정은빛마을11단지부영,4128112300,44537.5,28000,60,16537.5,1350,경기도 고양덕양구 화정동 961 화정은빛마을11단지부영,11,1350,1350,74520,4128112300
A44171716,권선삼천리2차,4111313700,29707.69231,13000,59.955,16707.69231,546,경기도 수원권선구 권선동 1238 권선삼천리2차,5,546,546,32735.43,4111313700
A10026847,배곧 이지더원1차 더 퍼스트,4139013500,37772.72727,21000,59.5476,16772.72727,840,경기도 시흥시 배곧동 14 배곧 이지더원1차 더 퍼스트,9,840,840,49985.083,4139013500
A10024511,시흥시청역 트리플포레아파트,4139011800,49557.14286,32750,59.95,16807.14286,614,경기도 시흥시 능곡동  시흥시청역 트리플포레아파트,7,614,614,34769.03,4139011800
A10025756,남양주라온프라이빗4단지,4136025629,51900,35000,84.8657,16900,356,경기도 남양주시 화도읍 녹촌리 29-1 남양주라온프라이빗4단지,5,356,356,25078.4638,4136025629
A14272313,송천센트레빌,1130510100,74000,57000,84.965,17000,376,서울특별시 강북구 미아동 461 송천센트레빌,5,376,376,26707.48,1130510100
A48308001,"동두천신창비바패밀리1,2단지",4125010700,22000,5000,101.452,17000,485,"경기도 동두천시 동두천동 220-3 동두천신창비바패밀리1,2단지",8,485,485,43120.094,4125010700
A15303204,벽산6,1154510300,49288.88889,32222.22222,90.44,17066.66667,1288,서울특별시 금천구 시흥동 1013-4 벽산6,4,1288,1288,42194.88,1154510300
A10025100,은계어반리더스아파트,4139010100,54130,37000,74.95,17130,1198,경기도 시흥시 대야동 659 은계어반리더스아파트,14,1198,1198,95546.62,4139010100
A47274109,퇴계원쌍용예가,4136026521,45250,28000,84.9,17250,552,경기도 남양주시 퇴계원읍 퇴계원리 365 퇴계원쌍용예가,8,552,552,47163.08,4136026521
A44271814,화서꽃뫼버들마을진흥,4111513800,47387.5,30000,59.96,17387.5,824,경기도 수원팔달구 화서동 706 화서꽃뫼버들마을진흥,9,824,824,49407.04,4111513800
A44774513,오산역e편한세상1단지,4137010300,45466.66667,28000,104.8322,17466.66667,1008,경기도 오산시 원동 888 오산역e편한세상1단지,13,1008,1008,92568.6785,4137010300
A10023386,호반써밋더프라임아파트,4139013200,48000,30500,84.7402,17500,826,경기도 시흥시 정왕동 2732 호반써밋더프라임아파트,8,826,826,57854.2343,4139013200
A10024498,은계파크자이아파트,4139010600,54575,37000,59.96,17575,1719,경기도 시흥시 은행동 647 은계파크자이아파트,17,1719,1719,127496.7,4139010600
A10024648,평내호평역 대명루첸포레스티움아파트,4136010200,49187.5,31500,62.987675,17687.5,1008,경기도 남양주시 평내동 191 평내호평역 대명루첸포레스티움아파트,11,1008,1008,60939.0883,4136010200
A10023851,태전경남아너스빌시그니처,4161011100,49800,32000,73.4666,17800,624,경기도 광주시 장지동 692-63 태전경남아너스빌시그니처,7,624,624,42540.2667,4161011100
A44271816,화서한신더휴,4111513800,47850,29925,69.51,17925,198,경기도 수원팔달구 화서동 769 화서한신더휴,3,198,198,15990.66,4111513800
A10024578,삼송역현대헤리엇아파트,4128111100,62961.11111,45000,59.955,17961.11111,364,경기도 고양덕양구 삼송동 293 삼송역현대헤리엇아파트,2,364,364,21823.96,4128111100
A40084106,영종힐스테이트,2811014500,39000,21000,83.011,18000,1628,인천광역시 중구 중산동 1887-2 영종힐스테이트,13,1628,1628,135612.822,2811014500
A10026788,동탄호수공원금강펜테리움센트럴파크2차,4159013500,50250,32000,69.9918,18250,908,경기도 화성시 산척동  동탄호수공원금강펜테리움센트럴파크2차,10,908,908,73501.3662,4159013500
A44816108,도담마을 한양수자인,4146510200,54275,36000,59.9756,18275,332,경기도 용인수지구 죽전동 1262 도담마을 한양수자인,4,332,332,19911.8992,4146510200
A10023355,안산푸르지오브리파크,4127310800,45366.66667,27000,49.7492,18366.66667,1714,경기도 안산단원구 원곡동 830 안산푸르지오브리파크,10,1714,1714,103251.0238,4127310800
A43003002,대림한숲타운,4117110300,46433.33333,28000,84.988,18433.33333,728,경기도 안양만안구 박달동 616-9 대림한숲타운,5,728,728,56497.724,4117110300
A44347019,영통벽적골롯데,4111710500,43107.40741,24480.55556,55.02481481,18626.85185,1040,경기도 수원영통구 영통동 971-1 영통벽적골롯데,6,1040,1040,53560,4111710500
A10024231,용인동백두산위브더제니스,4146311500,67860,49000,84.8682,18860,1187,경기도 용인기흥구 동백동 694 용인동백두산위브더제니스,10,1187,1187,93764.1829,4146311500
A10027349,역북1단지 우남퍼스트빌 아파트,4146110200,35600,16503,67.7628,19097,409,경기도 용인처인구 역북동 291-8 역북1단지 우남퍼스트빌 아파트,6,409,409,29013.6831,4146110200
A10022727,힐스테이트 평택 더퍼스트,4122010100,45198,26000,74.86,19198,1107,경기도 평택시 서정동 780 힐스테이트 평택 더퍼스트,17,1107,1107,84100.67,4122010100
A42374201,철산도덕파크타운2단지,4121010200,53296.66667,34000,49.972,19296.66667,1234,경기도 광명시 철산동 625 철산도덕파크타운2단지,6,1234,1236,55682.34,4121010200
A43584904,산본신안모란,4141010400,51270,31840,74.632,19430,716,경기도 군포시 산본동 1065-4 산본신안모란,8,716,716,52510.24,4141010400
A12009304,홍제유원하나,1141011100,57000,37500,72.34,19500,554,서울특별시 서대문구 홍제동 454 홍제유원하나,5,554,554,45054.5,1141011100
A10026028,안산 메트로타운 푸르지오 힐스테이트 아파트,4127310900,41040,21525,59.8179,19515,1600,경기도 안산단원구 선부동 1177 안산 메트로타운 푸르지오 힐스테이트 아파트,9,1600,1600,122223.6206,4127310900
A44340012,엘지동수원자이,4111710700,49535.71429,30000,79.0967,19535.71429,924,경기도 수원영통구 망포동 698 엘지동수원자이,7,924,924,91018.1392,4111710700
A44072212,화서역 우방 센트럴파크,4111113000,45058.33333,25500,59.97666667,19558.33333,1335,경기도 수원장안구 정자동 887-1 화서역 우방 센트럴파크,15,1335,1335,80068.02,4111113000
A41383307,책향기마을14단지우남퍼스트빌,4148011300,43580,24000,101.9776,19580,600,경기도 파주시 동패동 1711 책향기마을14단지우남퍼스트빌,12,600,600,66716.392,4148011300
A44033010,화서역푸르지오더에듀포레,4111113300,56100,36500,59.98,19600,2571,경기도 수원장안구 천천동 333 화서역푸르지오더에듀포레,33,2571,2571,247943.02,4111113300
A44816015,죽전동성1차,4146510200,59833.33333,39900,84.97,19933.33333,684,경기도 용인수지구 죽전동 501 죽전동성1차,9,684,684,58115.16,4146510200
A10027754,힐스테이트황금산아파트,4136011200,63466.66667,43500,59.99,19966.66667,1008,경기도 남양주시 다산동 3129-65 힐스테이트황금산아파트,19,1008,1008,89299.2,4136011200
A14207203,수유벽산,1130510300,65000,45000,84.92,20000,1454,서울특별시 강북구 수유동 205 수유벽산,13,1454,1454,132753.02,1130510300
A10022399,힐스테이트 봉담 프라이드시티,4159025322,50000,30000,84.4409,20000,2333,경기도 화성시 봉담읍 내리 882- 힐스테이트 봉담 프라이드시티,17,2333,2333,162891.7398,4159025322
A10024656,더샵 지제역 센트럴파크 2BL,4122011900,45930.30303,25909.09091,77.36610606,20021.21212,1674,경기도 평택시 동삭동 388-13 더샵 지제역 센트럴파크 2BL,18,1674,1674,121192.9777,4122011900
A44174611,호매실역 서희스타힐스,4111313400,51071.42857,30950,74.93,20121.42857,1318,경기도 수원권선구 금곡동 1081 호매실역 서희스타힐스,25,1318,1328,109044.57,4111313400
A10027347,역북2단지 우남퍼스트빌아파트,4146110200,36700,16503,67.7628,20197,505,경기도 용인처인구 역북동 282 역북2단지 우남퍼스트빌아파트,7,505,505,37141.3427,4146110200
A12201103,응암푸르지오,1138010700,58300,38000,59.58,20300,361,서울특별시 은평구 응암동 176 응암푸르지오,7,361,361,29519.22,1138010700
A43574502,산본동백우성,4141010400,56833.33333,36500,101.52,20333.33333,624,경기도 군포시 산본동 1059 산본동백우성,15,624,624,66559.68,4141010400
A42590614,푸르지오1차대우,4127310100,54366.66667,34000,71.1837,20366.66667,1008,경기도 안산단원구 고잔동 781 푸르지오1차대우,16,1008,1008,90572.2952,4127310100
A10024507,부평코오롱하늘채아파트,2823710700,61400,41000,72.9227,20400,922,인천광역시 부평구 부개동 88-2 부평코오롱하늘채아파트,7,922,922,58340.3553,2823710700
A10022381,일산푸르지오더센트럴,4128710500,62450,42000,84.3494,20450,400,경기도 고양일산서구 덕이동 205- 일산푸르지오더센트럴,3,400,400,31678.0204,4128710500
A40673002,송도풍림아이원4단지,2818510600,54452.5,34000,84.94,20452.5,504,인천광역시 연수구 송도동 2-9 송도풍림아이원4단지,13,504,504,45713.8436,2818510600
A43176201,비산한화꿈에그린,4117310100,59550,39000,59.995,20550,774,경기도 안양동안구 비산동 572 비산한화꿈에그린,10,774,774,68257.842,4117310100
A41183810,문촌마을3단지우성,4128710200,41800,21000,69.09,20800,504,경기도 고양일산서구 주엽동 32 문촌마을3단지우성,10,504,504,64747.4,4128710200
A15288002,구로이화우성,1153010200,58000,37000,59.82,21000,497,서울특별시 구로구 구로동 1260 구로이화우성,5,497,497,40645.13,1153010200
A10024217,힐스테이트학익아파트,2817710300,52100,31000,73.97826,21100,616,인천광역시 미추홀구 학익동  힐스테이트학익아파트,5,616,616,47916.4496,2817710300
A15101702,관악산휴먼시아3단지,1162010200,57133.33333,36000,59.975,21133.33333,512,서울특별시 관악구 신림동 1735-2 관악산휴먼시아3단지,4,512,512,20387.84,1162010200
A43776501,대원칸타빌1,4143010700,52677.77778,31500,59.924,21177.77778,394,경기도 의왕시 내손동 795 대원칸타빌1,4,394,394,23610.722,4143010700
A10023310,,4183025032,48533.33333,27350,84.8635,21183.33333,,,,,,,
A42690104,안산고잔7차푸르지오,4127110300,53250,32000,88.949,21250,1312,경기도 안산상록구 사동 1510 안산고잔7차푸르지오,18,1312,1327,140852.88,4127110300
A10027214,용인 구성역 효성해링턴플레이스,4146311300,52750,31500,61.93,21250,296,경기도 용인기흥구 마북동 651 용인 구성역 효성해링턴플레이스,6,296,296,20928.68,4146311300
A40523202,간석 래미안자이아파트,2820010200,56016.66667,34500,84.97777778,21516.66667,2432,인천광역시 남동구 간석동 939-1 간석 래미안자이아파트,28,2432,2432,233360.95,2820010200
A10025799,e편한세상 영종국제도시 오션하임,2811014500,43989.28571,22428.57143,81.40664643,21560.71429,1520,인천광역시 중구 중산동 1887-4 e편한세상 영종국제도시 오션하임,18,1520,1520,126261.284,2811014500
A12287204,이편한세상 수색 에코포레,1138010100,61583.33333,40000,59.895,21583.33333,976,서울특별시 은평구 수색동 415-1 이편한세상 수색 에코포레,12,976,976,84543.465,1138010100
A10025332,힐스테이트 태전2차 에듀포레 10블럭,4161011000,56116.66667,34500,80.92,21616.66667,394,경기도 광주시 태전동 13-3 힐스테이트 태전2차 에듀포레 10블럭,5,394,394,29566.46,4161011000
A43172905,한가람세경,4117310200,48750,27000,51.75,21750,1292,경기도 안양동안구 관양동 1589 한가람세경,11,1292,1292,65494.8,4117310200
A10026142,일산센트럴아이파크,4128510200,63790.90909,42000,84.98234545,21790.90909,1802,경기도 고양일산동구 중산동 1841 일산센트럴아이파크,12,1802,1802,144182.2755,4128510200
A44852405,성복역 아이파크,4146510700,67857.14286,46000,59.5915,21857.14286,584,경기도 용인수지구 상현동 857 성복역 아이파크,11,584,584,52611.3834,4146510700
A10023225,고산수자인디에스티지2단지,4115011300,61000,39000,84.9079,22000,1033,경기도 의정부시 산곡동 725 고산수자인디에스티지2단지,12,1033,1033,120451.1846,4115011300
A10027731,구리 더샵 그린포레1단지,4131010300,65000,43000,84.979,22000,236,경기도 구리시 인창동 713 구리 더샵 그린포레1단지,4,236,236,20141.263,4131010300
A10021053,힐스테이트몬테로이3단지,4146125321,45696.76923,23538.46154,84.20846154,22158.30769,1370,경기도 용인처인구 모현읍 왕산리 - 힐스테이트몬테로이3단지,13,1370,1370,111114.03,4146125321
A11076701,주상복합아남아파트,1111017100,65700,43500,50.49,22200,136,서울특별시 종로구 명륜2가 237 주상복합아남아파트,1,136,136,8819.68,1111017100
A47103203,대림한숲,4131010500,55022.58065,32741.93548,54.05129032,22280.64516,956,경기도 구리시 수택동 854 대림한숲,5,956,956,56959.68,4131010500
A44278301,대한대우,4111513500,52300,30000,76.63666667,22300,1293,경기도 수원팔달구 매산로2가 90 대한대우,28,1293,1293,130795.77,4111513500
A10025059,김포한강 호반베르디움 더 퍼스트,4157010400,53300,31000,101.953,22300,696,경기도 김포시 장기동 1865-4 김포한강 호반베르디움 더 퍼스트,11,696,696,70787.1948,4157010400
A15381706,금천현대,1154510200,52428.57143,30000,59.82,22428.57143,996,서울특별시 금천구 독산동 711-2 금천현대,10,996,996,71685.56,1154510200
A10026149,산내마을9단지 힐스테이트운정 아파트,4148011700,55589.65517,33155.17241,67.81895862,22434.48276,2998,경기도 파주시 목동동 1149 산내마을9단지 힐스테이트운정 아파트,25,2998,2998,209538.112,4148011700
A40484710,검암서해그랑블,2826010300,48785.71429,26285.71429,68.27935714,22500,950,인천광역시 서구 검암동 595-3 검암서해그랑블,11,950,950,73247.9516,2826010300
A10023719,의정부역센트럴자이앤위브캐슬,4115010100,58700,36000,59.762,22700,2473,경기도 의정부시 의정부동 724 의정부역센트럴자이앤위브캐슬,17,2473,2473,163318.409,4115010100
A47274205,별내KCC스위첸,4136011100,77833.33333,55000,116.8749667,22833.33333,679,경기도 남양주시 별내동 1072 별내KCC스위첸,9,679,679,77821.2921,4136011100
A41178504,일산두산위브더제니스,4128710300,73020,50000,130.52954,23020,2700,경기도 고양일산서구 탄현동 1640 일산두산위브더제니스,8,2700,2700,293120.668,4128710300
A13204508,창동주공2단지,1132010700,38225,15015,36.16,23210,750,서울특별시 도봉구 창동 316 창동주공2단지,5,750,750,32676.6,1132010700
A46571704,한솔솔파크,4145010800,70440,47000,84.99,23440,616,경기도 하남시 덕풍동 692 한솔솔파크,11,616,616,52937.14,4145010800
A44270402,화서역 블루밍푸른숲아파트,4111513800,55500,32000,84.114,23500,1744,경기도 수원팔달구 화서동 250-4 화서역 블루밍푸른숲아파트,31,1744,1744,143831.555,4111513800
A44874606,성복역리버파크,4146510700,57956.25,34300,59.76,23656.25,702,경기도 용인수지구 상현동 1 성복역리버파크,4,702,702,52310.775,4146510700
A10025916,의정부 롯데캐슬골드파크1단지,4115010100,58840,35000,84.96,23840,919,경기도 의정부시 의정부동 721 의정부 롯데캐슬골드파크1단지,8,919,920,69457.91,4115010100
A10024952,지축역 한림풀에버,4128110900,76000,52000,72.937,24000,1102,경기도 고양덕양구 지축동  지축역 한림풀에버,11,1102,1102,88489.972,4128110900
A43577404,당정대우푸르지오,4141010200,49000,25000,84.992,24000,565,경기도 군포시 당정동 1025-1 당정대우푸르지오,6,565,565,48016.0475,4141010200
A10026003,가천대역 두산위브 아파트,4113110200,63200,39000,59.9592,24200,503,경기도 성남수정구 태평동 50-1 가천대역 두산위브 아파트,8,503,503,31735.2264,4113110200
A13084803,전농우성,1123010400,60290.90909,36000,59.78,24290.90909,1234,서울특별시 동대문구 전농동 6 전농우성,15,1234,1234,107518.8,1123010400
A43070506,석수e편한세상,4117110200,60642.85714,36350,84.87,24292.85714,1908,경기도 안양만안구 석수동 182-2 석수e편한세상,20,1908,1908,163027.62,4117110200
A10025761,의왕역 푸르지오 라포레,4143010300,68450,44000,84.99623333,24450,1068,경기도 의왕시 삼동 38 의왕역 푸르지오 라포레,12,1068,1068,88594.0288,4143010300
A15776004,현대3,1150010100,69500,45000,59.92,24500,127,서울특별시 강서구 염창동 291 현대3,1,127,127,8942.08,1150010100
A15303205,관악벽산타운5단지,1154510300,64500,40000,114.84,24500,2810,서울특별시 금천구 시흥동 1013 관악벽산타운5단지,25,2810,2810,242926.6,1154510300
A42374402,e편한세상센트레빌,4121010300,95553.125,71000,84.979125,24553.125,2815,경기도 광명시 하안동 864 e편한세상센트레빌,27,2815,2815,254670.303,4121010300
A10023582,쌍용더플래티넘 오목천역,4111312900,52150,27300,59.987,24850,930,경기도 수원권선구 오목천동 482-2 쌍용더플래티넘 오목천역,10,930,930,64468.05,4111312900
A46474719,오포2차 e-편한세상,4161011500,85000,60000,160.8298,25000,135,경기도 광주시 신현동 1230 오포2차 e-편한세상,3,135,135,11469.6,4161011500
A44278207,화서주공5단지,4111513800,45166.66667,20000,49.99,25166.66667,386,경기도 수원팔달구 화서동 650 화서주공5단지,3,386,386,18406.14,4111513800
A10024888,삼송2차 원흥역 동원 로얄듀크 비스타,4128110400,75750,50500,84.9867,25250,312,경기도 고양덕양구 원흥동 635 삼송2차 원흥역 동원 로얄듀크 비스타,3,312,312,26515.8504,4128110400
A10023415,시흥장현예다음아르테 아파트,4139013000,62500,37000,84.38386667,25500,747,경기도 시흥시 장곡동 924 시흥장현예다음아르테 아파트,8,747,747,62964.7492,4139013000
A10023303,시흥금강펜테리움오션베이,4139013200,39760,14000,59.9879,25760,930,경기도 시흥시 정왕동 2737 시흥금강펜테리움오션베이,6,930,930,67418.963,4139013200
A10024360,한양수자인 성남마크뷰,4113310300,67800,42000,59.8423,25800,711,경기도 성남중원구 금광동 2600 한양수자인 성남마크뷰,7,711,711,38855.7237,4113310300
A15208007,고척월드메르디앙,1153010600,75000,49000,84.925,26000,180,서울특별시 구로구 고척동 343 고척월드메르디앙,4,180,180,15287.73,1153010600
A44384808,매탄위브하늘채,4111710100,73314.28571,47250,84.78602857,26064.28571,3391,경기도 수원영통구 매탄동 1352 매탄위브하늘채,35,3391,3391,294076.9627,4111710100
A42383705,철산한신,4121010200,66111.76471,40000,89.455,26111.76471,1568,경기도 광명시 철산동 367 철산한신,12,1568,1568,146215.04,4121010200
A10023630,힐스테이트푸르지오수원아파트,4111513300,66200,40058.82353,58.14705882,26141.17647,2586,경기도 수원팔달구 매교동 287-110 힐스테이트푸르지오수원아파트,33,2586,2586,165386.95,4111513300
A10025886,e편한세상송도아파트,2818510600,54446.875,28000,70.5618,26446.875,2708,인천광역시 연수구 송도동 319-1 e편한세상송도아파트,15,2708,2708,205676.4791,2818510600
A10027320,이편한세상광주역1단지,4161011200,63729.41176,37235.29412,84.91395294,26494.11765,441,경기도 광주시 역동 243 이편한세상광주역1단지,8,441,441,32396.6752,4161011200
A10025387,항동하버라인2단지,1153011200,67500,41000,59.86,26500,646,서울특별시 구로구 항동  항동하버라인2단지,6,646,646,42318.42,1153011200
A15886512,신정학마을1단지,1147010100,48525,22000,49.99,26525,639,서울특별시 양천구 신정동 1293 신정학마을1단지,6,639,639,33458.95,1147010100
A10023981,탑석센트럴자이아파트,4115010500,54320,27768,65.44907,26552,2571,경기도 의정부시 용현동 241 탑석센트럴자이아파트,16,2571,2571,180523.3093,4115010500
A13672102,삼선힐스테이트,1129011200,71700,45000,56.83,26700,377,서울특별시 성북구 삼선동2가 420 삼선힐스테이트,9,377,377,29637.83,1129011200
A15208008,개봉푸르지오,1153010700,85766.66667,59000,84.94,26766.66667,978,서울특별시 구로구 개봉동 492 개봉푸르지오,,978,0,78380.76,1153010700
A10023424,브라운스톤 부평,2823710500,47833.33333,21000,59.99,26833.33333,726,인천광역시 부평구 삼산동 221-7 브라운스톤 부평,7,726,726,45647.1601,2823710500
A42305001,광명소하휴먼시아6단지,4121010400,76866.66667,50000,84.95,26866.66667,1174,경기도 광명시 소하동 1324 광명소하휴먼시아6단지,18,1174,1174,55192.66,4121010400
A10026005,기흥역파크푸르지오아파트,4146310200,100000,73100,114.516,26900,768,경기도 용인기흥구 구갈동 663 기흥역파크푸르지오아파트,5,768,768,65574.267,4146310200
A10023192,힐스테이트 부평아파트,2823710200,67000,40000,84.99,27000,1409,인천광역시 부평구 십정동 642 힐스테이트 부평아파트,9,1409,1409,96998.53,2823710200
A44271812,화서꽃뫼버들마을엘지,4111513800,57000,30000,84.938,27000,665,경기도 수원팔달구 화서동 713 화서꽃뫼버들마을엘지,8,665,665,56483.77,4111513800
A44898204,버들치마을힐스테이트2차,4146510600,99000,72000,153.249,27000,689,경기도 용인수지구 성복동 759 버들치마을힐스테이트2차,10,689,689,100840.47,4146510600
A10023541,대성베르힐옥정더센트로,4163011400,47120,20000,104.5001,27120,804,경기도 양주시 옥정동 937 대성베르힐옥정더센트로,9,804,804,71194.6677,4163011400
A10026662,이편한세상 태전2차 1단지,4161011000,59075,31850,84.989,27225,322,경기도 광주시 태전동 695 이편한세상 태전2차 1단지,6,322,322,27361.0344,4161011000
A12085303,홍제한양,1141011100,69458.33333,42000,60.06,27458.33333,998,서울특별시 서대문구 홍제동 82 홍제한양,10,998,998,76611.98,1141011100
A10024601,DMC 두산위브 더 퍼스트,4128113200,59150,31500,59.94,27650,1059,경기도 고양덕양구 향동동 405 DMC 두산위브 더 퍼스트,9,1059,1059,63479.32,4128113200
A46571301,한솔리치빌5단지,4145010800,57714.28571,30000,84.8049,27714.28571,268,경기도 하남시 덕풍동 689 한솔리치빌5단지,4,268,268,21774.98,4145010800
A10026479,루원시티센트럴타운아파트,2826010900,48750,21000,74.98,27750,743,인천광역시 서구 신현동 306-1 루원시티센트럴타운아파트,10,743,743,55000.66,2826010900
A10025512,의왕백운 해링턴 플레이스 2단지,4143010600,78764.70588,51000,84.9404,27764.70588,534,경기도 의왕시 학의동  의왕백운 해링턴 플레이스 2단지,11,534,534,46222.9286,4143010600
A15178401,신림2차현대,1162010200,63000,35000,59.91,28000,112,서울특별시 관악구 신림동 551-9 신림2차현대,1,112,112,8752.8,1162010200
A13820007,문정시영,1171010800,43000,15000,25.65,28000,1316,서울특별시 송파구 문정동 145 문정시영,10,1316,1316,50581.44,1171010800
A12204004,북한산힐스테이트3차,1138010300,75016.66667,47000,59.985,28016.66667,1185,서울특별시 은평구 불광동 641 북한산힐스테이트3차,19,1185,1185,90668.06,1138010300
A10026136,운정신도시 센트럴푸르지오,4148011700,67014.81481,38722.22222,84.61184444,28292.59259,1956,경기도 파주시 목동동 1142 운정신도시 센트럴푸르지오,21,1956,1956,165132.0957,4148011700
A47175801,수택엘지원앙,4131010500,73650,45000,70.2,28650,824,경기도 구리시 수택동 854-2 수택엘지원앙,7,824,824,49466.74,4131010500
A44852602,만현마을2단지현대아이파크,4146510700,73800,45000,99.9125,28800,404,경기도 용인수지구 상현동 856 만현마을2단지현대아이파크,5,404,404,51103.2658,4146510700
A10027517,일산와이시티,4128510600,71368.75,42500,59.8975,28868.75,2404,경기도 고양일산동구 백석동 1237 일산와이시티,6,2404,2404,212416.66,4128510600
A10024404,안양씨엘포레자이아파트,4117110100,68514.28571,39571.42857,74.26572857,28942.85714,1394,경기도 안양만안구 안양동 19-1 안양씨엘포레자이아파트,13,1394,1394,91886.7002,4117110100
A10022353,송도 하늘채아이비원,2818510600,58974,30000,59.3215,28974,336,인천광역시 연수구 송도동 20-4 송도 하늘채아이비원,8,336,336,17360.064,2818510600
A10023931,검단신도시디에트르더펠리체아파트,2826011400,59080,30000,84.7748,29080,1279,인천광역시 서구 당하동 1318-6 검단신도시디에트르더펠리체아파트,15,1279,1279,112267.3616,2826011400
A10023690,검단 신안인스빌어반퍼스트,2826011400,52200,23100,84.7322,29100,1073,인천광역시 서구 당하동 1314 검단 신안인스빌어반퍼스트,12,1073,1073,94240.0606,2826011400
A10024584,그랑시티자이2차아파트,4127110300,67444.44444,38333.33333,86.10675556,29111.11111,2872,경기도 안산상록구 사동 1639 그랑시티자이2차아파트,11,2872,2872,250432.7745,4127110300
A10026254,루원제일풍경채아파트,2826010800,55000,25700,74.7683,29300,900,인천광역시 서구 가정동 603-1 루원제일풍경채아파트,9,900,900,71917.4766,2826010800
A10023517,부평두산위브더파크,2823710300,56041.66667,26666.66667,70.34830833,29375,799,인천광역시 부평구 산곡동 52-11 부평두산위브더파크,10,799,799,57729.4041,2823710300
A12009202,홍제삼성래미안,1141011100,67714.28571,38325,60,29389.28571,474,서울특별시 서대문구 홍제동 461 홍제삼성래미안,6,474,474,32648.58,1141011100
A10026783,수원 모아미래도센트럴타운1단지,4111313400,69500,40000,84.8763,29500,680,경기도 수원권선구 금곡동 1078 수원 모아미래도센트럴타운1단지,7,680,680,65042.6399,4111313400
A44678702,흥덕우미린레이크포레,4146311100,70500,41000,84.98,29500,486,경기도 용인기흥구 영덕동 963 흥덕우미린레이크포레,6,486,486,41300.01,4146311100
A10026309,갈매역 아이파크,4131010100,81766.66667,52000,84.93145,29766.66667,1196,경기도 구리시 갈매동 596 갈매역 아이파크,12,1196,1196,101651.4681,4131010100
A10024681,이편한세상 인창어반포레아파트,4131010300,80785.71429,51000,59.992,29785.71429,632,경기도 구리시 인창동 320-2 이편한세상 인창어반포레아파트,7,632,636,41069.914,4131010300
A10025014,그랑시티자이아파트,4127110300,57875,28000,72.4236,29875,3728,경기도 안산상록구 사동 1639-7 그랑시티자이아파트,14,3728,3728,314900.0415,4127110300
A43783103,인덕원센트럴푸르지오,4143010900,71941.66667,42000,84.96,29941.66667,408,경기도 의왕시 포일동 523 인덕원센트럴푸르지오,4,408,408,32562.16,4143010900
A10027189,보문파크뷰자이아파트,1129012800,80178.57143,50000,45.81,30178.57143,1186,서울특별시 성북구 보문동6가 198-45 보문파크뷰자이아파트,17,1186,1186,73895.41,1129012800
A14280502,미아동부센트레빌,1130510100,77375,47000,59.96,30375,480,서울특별시 강북구 미아동 474 미아동부센트레빌,8,480,480,36746.49,1130510100
A10025409,초지역메이저타운푸르지오메트로단지,4127310700,62142.30769,31742.30769,59.91218846,30400,1548,경기도 안산단원구 초지동 592 초지역메이저타운푸르지오메트로단지,10,1548,1548,96582.3308,4127310700
A15101503,신림2차푸르지오,1162010200,72500,42000,84.8098,30500,349,서울특별시 관악구 신림동 1736 신림2차푸르지오,8,349,349,30125.1879,1162010200
A10025031,송도 오션파크 베르디움,2818510600,61580,31000,84.8158,30580,1530,인천광역시 연수구 송도동 310-1 송도 오션파크 베르디움,10,1530,1530,126434.444,2818510600
A10024779,더샵송도마리나베이,2818510600,65395.16129,34645.16129,84.66478065,30750,3100,인천광역시 연수구 송도동 308-1 더샵송도마리나베이,25,3100,3100,259438.2328,2818510600
A12009303,홍제현대그린,1141011100,66500,35700,84.96,30800,240,서울특별시 서대문구 홍제동 455 홍제현대그린,2,240,240,20390.4,1141011100
A15213006,천왕이펜하우스1단지,1153011100,71200,40000,59.94,31200,314,서울특별시 구로구 천왕동 352 천왕이펜하우스1단지,6,314,314,18592.94,1153011100
A10026631,호반베르디움센트로하임아파트,4139013500,58518.18182,27300,84.89916364,31218.18182,1647,경기도 시흥시 배곧동 174 호반베르디움센트로하임아파트,20,1647,1647,133286.0224,4139013500
A10027336,래미안안양메가트리아,4117110100,75578.83212,44327.0073,71.44744526,31251.82482,4250,경기도 안양만안구 안양동 1393 래미안안양메가트리아,35,4250,4250,317673.07,4117110100
A43576808,산본래미안하이어스,4141010400,91765,60000,84.962,31765,2644,경기도 군포시 산본동 1240 산본래미안하이어스,29,2644,2644,263523.84,4141010400
A10025151,고덕국제신도시 제일풍경채아파트,4122012800,61800,30000,84.86,31800,1022,경기도 평택시 고덕동 1899-2 고덕국제신도시 제일풍경채아파트,11,1022,1022,92075.3,4122012800
A10025522,시흥은계호반써밋플레이스,4139010600,66500,34700,84.029,31800,816,경기도 시흥시 은행동 150 시흥은계호반써밋플레이스,5,816,816,78269.3273,4139010600
A12078201,인왕산현대,1141011100,73050,41000,59.93,32050,246,서울특별시 서대문구 홍제동 460-1 인왕산현대,1,246,246,8036.82,1141011100
A13203302,쌍문삼성래미안,1132010500,72500,40000,73.92,32500,407,서울특별시 도봉구 쌍문동 725 쌍문삼성래미안,10,407,407,32903.4029,1132010500
A12201002,백련산힐스테이트2차,1138010700,82560,50000,84.59,32560,893,서울특별시 은평구 응암동 760 백련산힐스테이트2차,11,893,893,68113.24,1138010700
A13113007,신내 데시앙포레,1126010600,71700,38850,84.94,32850,1896,서울특별시 중랑구 신내동 817 신내 데시앙포레,23,1896,1896,133451.74,1126010600
A13086101,제기안암골벽산,1123010300,70300,37300,59.94,33000,640,서울특별시 동대문구 제기동 153 제기안암골벽산,7,640,640,59920.92,1123010300
A15105008,관악파크푸르지오,1162010100,79637.03704,46500,59.58,33137.03704,363,서울특별시 관악구 봉천동 1728 관악파크푸르지오,7,363,371,28354.25,1162010100
A43182909,초원부영,4117310300,63165,30000,55,33165,1743,경기도 안양동안구 평촌동 896-6 초원부영,13,1743,1743,82318.8,4117310300
A10022983,,4183025021,36000,2700,59.9846,33300,,,,,,,
A10023717,매교역 푸르지오 SK VIEW 아파트,4111513300,74427.45098,40909.80392,64.92901961,33517.64706,3603,경기도 수원팔달구 매교동 209-14 매교역 푸르지오 SK VIEW 아파트,52,3603,3603,262705.42,4111513300
A10025828,다산펜테리움 리버테라스1차,4136011200,83536.36364,50000,84.91355455,33536.36364,944,경기도 남양주시 다산동 6215 다산펜테리움 리버테라스1차,8,944,944,80184.8624,4136011200
A10024930,더샵동천이스트포레아파트,4146510300,92388.88889,58800,78.2273,33588.88889,980,경기도 용인수지구 동천동 151-2 더샵동천이스트포레아파트,10,980,980,85953.9911,4146510300
A10023496,이편한세상 금빛그랑메종2단지,4113310300,76500,42600,59.91666667,33900,443,경기도 성남중원구 금광동 1003 이편한세상 금빛그랑메종2단지,4,443,443,27736.79,4113310300
A41206004,도래울센트럴더포레,4128110400,64350,30450,84.9325,33900,1193,경기도 고양덕양구 원흥동 317-9 도래울센트럴더포레,18,1193,1193,97625.59,4128110400
A10027114,이편한세상 반월나노시티역,4159012000,70400,36500,84.97,33900,1387,경기도 화성시 반월동 960 이편한세상 반월나노시티역,12,1387,1387,104974.54,4159012000
A42305006,광명신촌휴먼시아2단지,4121010400,79000,45000,84.84,34000,875,경기도 광명시 소하동 1366 광명신촌휴먼시아2단지,14,875,875,48930.11,4121010400
A10027511,갈매더샵나인힐스,4131010100,70800,36750,84.7845,34050,857,경기도 구리시 갈매동 665 갈매더샵나인힐스,9,857,857,70223.0365,4131010100
A12290901,백련산힐스테이트3차,1138010700,72400,38325,59.63,34075,748,서울특별시 은평구 응암동 761 백련산힐스테이트3차,10,748,748,61715.17,1138010700
A15370103,남서울힐스테이트,1154510300,88100,54000,84.687,34100,1764,서울특별시 금천구 시흥동 789 남서울힐스테이트,19,1764,1764,156037.197,1154510300
A43708004,래미안에버하임,4143010700,84433.33333,50000,84.76,34433.33333,696,경기도 의왕시 내손동 842 래미안에버하임,10,696,696,63829.27,4143010700
A43174707,초원한양,4117310300,79500,45000,84.9,34500,870,경기도 안양동안구 평촌동 897-5 초원한양,11,870,870,67133.55,4117310300
A15178201,관악벽산블루밍,1162010100,80937.5,46232.8125,74.0525,34704.6875,2105,서울특별시 관악구 봉천동 1718 관악벽산블루밍,18,2105,2105,172529.89,1162010100
A12009305,문화촌현대,1141011100,76750,42000,84.99,34750,768,서울특별시 서대문구 홍제동 463 문화촌현대,4,768,767,57471.93,1141011100
A15807002,신트리1단지,1147010100,71787.5,37000,59.73,34787.5,997,서울특별시 양천구 신정동 1259 신트리1단지,9,997,997,54010.76,1147010100
A15609502,사당자이,1159010700,81888.88889,47100,59.90222222,34788.88889,719,서울특별시 동작구 사당동 1139 사당자이,9,719,719,57908.48,1159010700
A44278215,화서주공4단지,4111513800,56980,22000,59.98,34980,1314,경기도 수원팔달구 화서동 650 화서주공4단지,13,1314,1314,76383.21,4111513800
A13170401,한일써너스빌아파트,1126010200,82000,47000,84.642,35000,504,서울특별시 중랑구 상봉동 81-5 한일써너스빌아파트,3,504,504,43207.772,1126010200
A13611003,길음뉴타운3단지푸르지오,1129013400,95000,59850,114.73,35150,434,서울특별시 성북구 길음동 1280-1 길음뉴타운3단지푸르지오,6,434,434,32439.68,1129013400
A10026947,꿈의숲롯데캐슬아파트,1130510100,86312.5,51000,84.98,35312.5,615,서울특별시 강북구 미아동 4 꿈의숲롯데캐슬아파트,11,615,615,45906.27,1130510100
A10025832,힐스테이트중앙,4127310100,65327.27273,30000,59.97137273,35327.27273,1152,경기도 안산단원구 고잔동 853 힐스테이트중앙,8,1152,1152,81243.8193,4127310100
A13811206,거여1단지,1171011300,75833.33333,40500,49.8,35333.33333,1004,서울특별시 송파구 거여동 290 거여1단지,6,1004,1004,48410.32,1171011300
A41570101,신안실크밸리3차,4157010500,58500,23100,84.8026,35400,1074,경기도 김포시 감정동 696 신안실크밸리3차,15,1074,1074,102973.0984,4157010500
A12185602,신수세양청마루,1144011100,82666.66667,47250,57.44,35416.66667,192,서울특별시 마포구 신수동 451 신수세양청마루,4,192,192,14796.96,1144011100
A10027884,송도더샵그린워크3차 D17-1BL,2818510600,65900,30450,69.91,35450,358,인천광역시 연수구 송도동 18-5 송도더샵그린워크3차 D17-1BL,3,358,358,30685.02,2818510600
A10025972,청라센트럴에일린의뜰,2826012200,76650,41000,84.98123333,35650,1163,인천광역시 서구 청라동 156-1 청라센트럴에일린의뜰,6,1163,1163,101659.3745,2826012200
A10025621,영통아이파크캐슬1단지,4111710700,83750,48000,75.93,35750,1783,경기도 수원영통구 망포동 766 영통아이파크캐슬1단지,16,1783,1783,140855.51,4111710700
A44377202,광교호반베르디움,4111710200,81860,46000,59.9306,35860,1330,경기도 수원영통구 원천동 0 광교호반베르디움,,1330,0,86682.8718,4111710200
A10021000,송도자이 더 스타,2818510600,80934,45000,84.7098,35934,1533,인천광역시 연수구 송도동 396-11 송도자이 더 스타,9,1533,1533,136574.3418,2818510600
A15190705,신림푸르지오,1162010200,100000,64000,114.84,36000,1456,서울특별시 관악구 신림동 1730 신림푸르지오,23,1456,1456,145820.53,1162010200
A46283501,중앙동힐스테이트1차,4113313200,96000,60000,120.6,36000,356,경기도 성남중원구 중앙동 578 중앙동힐스테이트1차,7,356,356,32469.53,4113313200
A10023559,평촌어바인퍼스트,4117310400,76961.29032,40900,59.87,36061.29032,3850,경기도 안양동안구 호계동 1296 평촌어바인퍼스트,34,3850,3850,242491.91,4117310400
A40471918,청라반도유보라2,2826012200,59250,23100,101.9859,36150,754,인천광역시 서구 청라동 102-16 청라반도유보라2,7,754,754,84876.103,2826012200
A41204001,삼송리슈빌센트럴파크아파트,4128110400,71392.85714,35175,84.99412857,36217.85714,1024,경기도 고양덕양구 원흥동 670 삼송리슈빌센트럴파크아파트,11,1024,1024,84020.163,4128110400
A10025241,꿈의숲 해링턴 플레이스 아파트,1130510100,78312.5,42000,59.36,36312.5,1028,서울특별시 강북구 미아동 1369 꿈의숲 해링턴 플레이스 아파트,17,1028,1028,78321.17,1130510100
A10023498,e편한세상금빛그랑메종3단지,4113310300,82110.29412,45628.67647,60.70823529,36481.61765,784,경기도 성남중원구 금광동 1008 e편한세상금빛그랑메종3단지,6,784,784,48344.9,4113310300
A10023597,대곡역두산위브1단지,4128112000,65425,28218.75,61.24,37206.25,493,경기도 고양덕양구 토당동 913 대곡역두산위브1단지,5,493,493,34045.07,4128112000
A10025399,송도 SK VIEW 아파트,2818510600,71553.33333,34000,84.65670667,37553.33333,2100,인천광역시 연수구 송도동 315-1 송도 SK VIEW 아파트,11,2100,2100,178559.2435,2818510600
A10025071,힐스테이트레이크송도2차,2818510600,71785.71429,33500,84.96428571,38285.71429,889,인천광역시 연수구 송도동 397-8 힐스테이트레이크송도2차,9,889,889,77930.09,2818510600
A10024163,검단푸르지오더베뉴,2826011500,81150,42750,95.22,38400,1540,인천광역시 서구 원당동 1018 검단푸르지오더베뉴,16,1540,1540,135951.1,2826011500
A10027281,동탄2신도시 하우스디 더 레이크,4159013700,66000,27300,59.98894737,38700,1552,경기도 화성시 송동 693 동탄2신도시 하우스디 더 레이크,14,1552,1552,104975.06,4159013700
A13204205,창동태영데시앙,1132010700,80000,41050,84.995,38950,958,서울특별시 도봉구 창동 819 창동태영데시앙,15,958,958,81425.21,1132010700
A15083602,문래공원한신,1156012100,86137.5,47000,58.96,39137.5,367,서울특별시 영등포구 문래동3가 77-2 문래공원한신,2,367,367,24616.82,1156012100
A15178202,봉천벽산블루밍3차,1162010100,81500,42000,84.72,39500,281,서울특별시 관악구 봉천동 1720 봉천벽산블루밍3차,5,281,281,23485.31,1162010100
A47177317,인창대림2차e편한세상,4131010300,65750,26250,59.335,39500,621,경기도 구리시 인창동 705 인창대림2차e편한세상,11,621,621,50946.349,4131010300
A12294102,DMC우방,1138011000,71100,31500,59.91,39600,429,서울특별시 은평구 증산동 244 DMC우방,3,429,429,34239.58,1138011000
A44851805,현대성우5차,4146510700,72358.69565,32550,59.99,39808.69565,310,경기도 용인수지구 상현동 843 현대성우5차,4,310,310,40336.18,4146510700
A10024170,화서역 파크 푸르지오,4111113000,85366.66667,45000,59.98,40366.66667,2355,경기도 수원장안구 정자동 950 화서역 파크 푸르지오,14,2355,2355,190000.04,4111113000
A10026023,목동롯데캐슬 마에스트로,1147010200,105400,65000,59.9841,40400,410,서울특별시 양천구 목동 965 목동롯데캐슬 마에스트로,6,410,414,29486.58,1147010200
A44693813,블루밍 구성 더센트럴,4146311300,67000,26400,59.783,40600,1576,경기도 용인기흥구 마북동 524-8 블루밍 구성 더센트럴,27,1576,1576,151202.86,4146311300
A10023204,서광교 파크 스위첸,4111113700,69000,28300,59.756,40700,1130,경기도 수원장안구 연무동 244 서광교 파크 스위첸,9,1130,1130,74992.1631,4111113700
A10027653,롯데캐슬캠퍼스타운아파트,2818510600,89500,48625,101.3056,40875,1230,인천광역시 연수구 송도동 149 롯데캐슬캠퍼스타운아파트,6,1230,1230,103797.8928,2818510600
A13307202,신동아,1120010700,93125,52000,84.81,41125,636,서울특별시 성동구 행당동 344 신동아,9,636,636,47802.69,1120010700
A10024874,청라호수공원 한신더휴아파트,2826012200,73725,32000,84.967925,41725,898,인천광역시 서구 청라동 103-15 청라호수공원 한신더휴아파트,10,898,898,74956.4634,2826012200
A10027888,송도 더샵 그린워크3차 18-1BL,2818510600,80625,38750,84.73,41875,780,인천광역시 연수구 송도동 19-3 송도 더샵 그린워크3차 18-1BL,6,780,780,73953.05,2818510600
A10022325,성수금호타운2차아파트,1120011500,104000,62000,59.94,42000,141,서울특별시 성동구 성수동2가 832- 성수금호타운2차아파트,1,141,141,9626.54,1120011500
A10026679,송도더샵퍼스트파크15단지,2818510600,71700,29400,59.98,42300,872,인천광역시 연수구 송도동 102 송도더샵퍼스트파크15단지,5,872,872,70685.27,2818510600
A15722106,마곡우림필유아파트,1150010900,91500,49000,84.528,42500,320,서울특별시 강서구 방화동 876 마곡우림필유아파트,3,320,320,26734.871,1150010900
A10025336,평촌더샵아이파크아파트,4117310400,101875,59375,75.59,42500,1174,경기도 안양동안구 호계동 1287 평촌더샵아이파크아파트,13,1174,1174,87319.22,4117310400
A10024573,송도sk뷰 센트럴,2818510600,82750,40000,84.6566,42750,299,인천광역시 연수구 송도동 10-30 송도sk뷰 센트럴,3,299,299,25324.9458,2818510600
A11087602,종로센트레빌,1111017500,87000,44000,59.92,43000,416,서울특별시 종로구 숭인동 2-1 종로센트레빌,6,416,416,32968.72,1111017500
A10024567,포레나영등포센트럴아파트,1156010800,140000,97000,84.8025,43000,185,서울특별시 영등포구 영등포동7가 29-1 포레나영등포센트럴아파트,2,185,185,13640.28,1156010800
A10024077,평촌래미안푸르지오아파트,4117310100,109250,66000,84.93,43250,1199,경기도 안양동안구 비산동 413-1 평촌래미안푸르지오아파트,10,1199,1199,91243.23,4117310100
A10025283,래미안아트리치,1129013900,90937.5,47500,59.9775,43437.5,1091,서울특별시 성북구 석관동 410 래미안아트리치,14,1091,1091,73098.17,1129013900
A15728006,마곡수명산파크4단지,1150010600,86471.42857,42850,59.84,43621.42857,919,서울특별시 강서구 내발산동 753 마곡수명산파크4단지,14,919,919,61143.58,1150010600
A43708008,인덕원센트럴자이,4143010700,89641.93548,45741.93548,76.29477419,43900,2540,경기도 의왕시 내손동 844 인덕원센트럴자이,38,2540,2540,237079.427,4143010700
A10020907,서울숲아이파크리버포레,1120011400,171000,127000,59.9397,44000,825,서울특별시 성동구 성수동1가 721- 서울숲아이파크리버포레,5,825,825,56423.2488,1120011400
A13611008,길음뉴타운8단지,1129013400,109233.3333,65000,84.82,44233.33333,1497,서울특별시 성북구 길음동 1284 길음뉴타운8단지,24,1497,1497,120961.51,1129013400
A10025428,e편한세상서울대입구 3단지,1162010100,107750,63500,59.9,44250,206,서울특별시 관악구 봉천동 1540-37 e편한세상서울대입구 3단지,2,206,206,7569.73,1162010100
A43106006,동편마을3단지,4117310200,94754.54545,50500,84.96909091,44254.54545,1042,경기도 안양동안구 관양동 1651 동편마을3단지,20,1042,1042,86206.55,4117310200
A10024388,더샵포웰시티,4145011500,124333.3333,80000,99.6429,44333.33333,881,경기도 하남시 감이동 491 더샵포웰시티,9,881,881,84403.3668,4145011500
A10028166,삼송 스타클래스,4128111100,72300,27700,84.97666667,44600,627,경기도 고양덕양구 삼송동 331 삼송 스타클래스,9,627,627,56922.14,4128111100
A15609006,신동아5,1159010700,72625,28000,46.75,44625,333,서울특별시 동작구 사당동 1137 신동아5,4,333,333,22789.77,1159010700
A10026455,광명역써밋플레이스,4121010600,99655.55556,55000,59.6827,44655.55556,1430,경기도 광명시 일직동 513 광명역써밋플레이스,10,1430,1430,113722.7363,4121010600
A46372411,금곡청솔마을주공9단지,4113511100,74537.5,29760,42.84,44777.5,1020,경기도 성남분당구 금곡동 133 금곡청솔마을주공9단지,6,1020,1027,39916.8,4113511100
A41137113,주엽강선마을2단지경남,4128710200,64833.33333,20000,129.09,44833.33333,620,경기도 고양일산서구 주엽동 38 주엽강선마을2단지경남,10,620,620,79825.5,4128710200
A10024321,철산센트럴푸르지오,4121010200,99923.07692,55000,59.99293077,44923.07692,798,경기도 광명시 철산동 638 철산센트럴푸르지오,7,798,798,57330.5349,4121010200
A15208003,고척삼환로즈빌,1153010600,91000,45675,84.994,45325,600,서울특별시 구로구 고척동 336 고척삼환로즈빌,7,600,600,48696.022,1153010600
A13007001,용두두산위브,1123010200,103000,57500,72.41,45500,338,서울특별시 동대문구 용두동 791 용두두산위브,6,338,338,27960.54,1123010200
A13010005,래미안장안2차,1123010600,94745.45455,49000,81.05,45745.45455,1786,서울특별시 동대문구 장안동 329-3 래미안장안2차,24,1786,1786,146615.32,1123010600
A10078901,래미안신당하이베르,1114016200,110785.7143,65000,59.74,45785.71429,784,서울특별시 중구 신당동 851 래미안신당하이베르,15,784,784,63696.59,1114016200
A10025097,월계센트럴아이파크아파트,1135010200,95785.71429,50000,84.99,45785.71429,859,서울특별시 노원구 월계동 633-31 월계센트럴아이파크아파트,7,859,859,65606.41,1135010200
A43774508,인덕원숲속마을5단지,4143010900,108000,62000,101.04,46000,330,경기도 의왕시 포일동 649 인덕원숲속마을5단지,8,330,330,37164.27,4143010900
A15609005,사당 대림아파트,1159010700,97533.33333,51525,59.84,46008.33333,1152,서울특별시 동작구 사당동 169-8 사당 대림아파트,12,1152,1152,110733.24,1159010700
A15780905,가양6단지,1150010400,77055.55556,31000,49.5,46055.55556,1476,서울특별시 강서구 가양동 1485 가양6단지,15,1476,1476,72902.7,1150010400
A10025836,힐스테이트녹번,1138010200,106250,60000,59.99,46250,952,서울특별시 은평구 녹번동 282 힐스테이트녹번,13,952,952,60955.94,1138010200
A15105602,봉천우성제2,1162010100,88820,42000,84.96,46820,717,서울특별시 관악구 봉천동 1706-1 봉천우성제2,2,717,717,21811.14,1162010100
A10024938,래미안루센티아 아파트,1141012000,107500,60000,59.98,47500,997,서울특별시 서대문구 남가좌동 175 래미안루센티아 아파트,11,997,997,72643.03,1141012000
A10025422,이편한세상 서울대입구2단지,1162010100,117600,70000,84.964,47600,565,서울특별시 관악구 봉천동 1555-1 이편한세상 서울대입구2단지,9,565,565,45369.83,1162010100
A10025754,답십리파크자이,1123010500,88640,40900,49.54,47740,802,서울특별시 동대문구 답십리동 25 답십리파크자이,9,802,806,47844.21,1123010500
A42370302,철산푸르지오하늘채,4121010200,115833.3333,68000,84.997,47833.33333,1264,경기도 광명시 철산동 637 철산푸르지오하늘채,12,1264,1264,113294.52,4121010200
A12204006,불광롯데캐슬,1138010300,88000,40000,59.99,48000,488,서울특별시 은평구 불광동 645 불광롯데캐슬,8,488,488,35322.89,1138010300
A10025170,지축역센트럴푸르지오,4128110900,96000,47250,84.8637,48750,852,경기도 고양덕양구 지축동 498-6 지축역센트럴푸르지오,6,852,852,71224.6604,4128110900
A10024382,포웰시티 푸르지오 라포레,4145011500,108825,59875,90.5295,48950,790,경기도 하남시 감이동 500 포웰시티 푸르지오 라포레,9,790,790,76378.6741,4145011500
A40673914,송도더샵그린애비뉴8단지,2818510600,89000,40000,101.8106,49000,540,인천광역시 연수구 송도동 16-7 송도더샵그린애비뉴8단지,11,540,540,57475.7445,2818510600
A46373404,이매아름마을선경,4113510600,87000,38000,41.76,49000,370,경기도 성남분당구 이매동 142 이매아름마을선경,5,370,370,26408.04,4113510600
A10023026,감일푸르지오마크베르,4145011500,112000,63000,84.8934,49000,496,경기도 하남시 감이동 438 감일푸르지오마크베르,5,496,497,47083.7223,4145011500
A10027227,돈암코오롱하늘채아파트,1129010300,108000,57700,84.757,50300,629,서울특별시 성북구 돈암동 644 돈암코오롱하늘채아파트,10,629,629,45971.603,1129010300
A46374321,까치마을4단지롯데선경,4113511400,98213.33333,47800,60.24533333,50413.33333,1124,경기도 성남분당구 구미동 63 까치마을4단지롯데선경,16,1124,1124,86543.96,4113511400
A42303401,광명푸르지오,4121010200,89500,38900,59.99356,50600,426,경기도 광명시 철산동 631 광명푸르지오,7,426,426,35284.4787,4121010200
A10024631,산성역 포레스티아 아파트,4113110100,110678.2609,59467.3913,73.16652174,51210.86957,4089,경기도 성남수정구 신흥동 6951 산성역 포레스티아 아파트,39,4089,4089,306296.22,4113110100
A15205513,신도림태영타운,1153010200,103730,52500,84.87,51230,1252,서울특별시 구로구 구로동 1267 신도림태영타운,13,1252,1252,113759,1153010200
A10025846,래미안베라힐즈아파트,1138010200,110928.5714,59642.85714,81.39142857,51285.71429,1305,서울특별시 은평구 녹번동 21-134 래미안베라힐즈아파트,20,1305,1305,92094.91,1138010200
A10025853,송도더샵파크애비뉴아파트,2818510600,93500,42000,64.29,51500,668,인천광역시 연수구 송도동 103 송도더샵파크애비뉴아파트,4,668,668,52655.44,2818510600
A12127004,상암월드컵파크2단지,1144012700,95875,44000,59.92,51875,657,서울특별시 마포구 상암동 1637 상암월드컵파크2단지,7,657,657,38606.78,1144012700
A10023884,철산역 롯데캐슬 & SK VIEW 클래스티지,4121010200,128062.5,76000,84.98,52062.5,1313,경기도 광명시 철산동 639-1 철산역 롯데캐슬 & SK VIEW 클래스티지,13,1313,1313,92796.28,4121010200
A15780401,가양강나루현대,1150010400,102960,50000,84.98,52960,642,서울특별시 강서구 가양동 448-1 가양강나루현대,9,642,642,45931.92,1150010400
A15805403,목동금호어울림,1147010200,125966.6667,73000,84.99,52966.66667,371,서울특별시 양천구 목동 951 목동금호어울림,7,371,371,37957.47,1147010200
A13204409,창동동아청솔,1132010700,89000,35777.77778,79.41222222,53222.22222,1981,서울특별시 도봉구 창동 808 창동동아청솔,18,1981,1981,165389.835,1132010700
A10024045,e편한세상감일아파트,4145011500,113484.6154,60000,84.9853,53484.61538,866,경기도 하남시 감이동 501 e편한세상감일아파트,6,866,866,71268.8079,4145011500
A10024831,녹번역e편한세상캐슬,1138010700,103181.8182,49350,59.96136364,53831.81818,2569,서울특별시 은평구 응암동 769 녹번역e편한세상캐슬,32,2569,2569,170569.1,1138010700
A12013003,DMC래미안e편한세상,1141011900,116523.6842,62039.47368,77.71315789,54484.21053,3293,서울특별시 서대문구 북가좌동 481 DMC래미안e편한세상,51,3293,3297,271661.76,1141011900
A10023693,더샵송도프라임뷰20BL,2818510600,101650,47000,84.83,54650,662,인천광역시 연수구 송도동 109 더샵송도프라임뷰20BL,5,662,662,61480.25,2818510600
A10024562,고덕센트럴푸르지오,1174010200,112555.5556,57825,59.12888889,54730.55556,656,서울특별시 강동구 고덕동 210-1 고덕센트럴푸르지오,4,656,656,36076.48,1174010200
A46271003,은행주공,4113310400,65000,10000,66.56,55000,1900,경기도 성남중원구 은행동 550 은행주공,23,1900,1900,119449.2,4113310400
A10024488,꿈의숲아이파크아파트,1129013800,98545.45455,43050,59.1,55495.45455,1711,서울특별시 성북구 장위동 189-3 꿈의숲아이파크아파트,19,1711,1711,118062.34,1129013800
A10025830,힐스테이트 다산,4136011200,87844.44444,32033.33333,78.71946667,55811.11111,1283,경기도 남양주시 다산동 3639-2 힐스테이트 다산,13,1283,1283,104572.2755,4136011200
A10025086,킨텍스원시티1블럭,4128510400,121000,65000,84.4423,56000,297,경기도 고양일산동구 장항동 1753 킨텍스원시티1블럭,2,297,297,25803.8829,4128510400
A10023661,힐스테이트뉴포레,1162010200,107285.7143,51250,59.98968571,56035.71429,1143,서울특별시 관악구 신림동 1644 힐스테이트뉴포레,7,1143,1143,69443.34,1162010200
A10023567,신흥역하늘채랜더스원3단지,4113313200,108590.9091,52500,84.99,56090.90909,400,경기도 성남중원구 중앙동 3007 신흥역하늘채랜더스원3단지,4,400,400,26160.78,4113313200
A10026104,힐스테이트청계,1123010500,103357.1429,47250,53.65642857,56107.14286,764,서울특별시 동대문구 답십리동 465 힐스테이트청계,8,764,764,50379.47,1123010500
A10027472,상도효성해링턴플레이스,1159010200,126250,70000,84.8136,56250,202,서울특별시 동작구 상도동 536 상도효성해링턴플레이스,2,202,202,15804.14,1159010200
A13671209,래미안라센트,1129013500,113433.3333,56500,84.99,56933.33333,837,서울특별시 성북구 종암동 134 래미안라센트,10,837,837,70992.57,1129013500
A10025188,인덕원푸르지오 엘센트로아파트,4143010900,121976.9231,65000,84.98757692,56976.92308,1774,경기도 의왕시 포일동 487-22 인덕원푸르지오 엘센트로아파트,12,1774,1774,155560.6724,4143010900
A10027985,강남자곡힐스테이트아파트,1168011200,107500,50000,59.93,57500,1339,서울특별시 강남구 자곡동 619 강남자곡힐스테이트아파트,5,1339,1339,87224.21,1168011200
A13522007,수서까치마을,1168011500,89125,31000,34.44,58125,1403,서울특별시 강남구 수서동 746 수서까치마을,7,1403,1403,57555.18,1168011500
A14376501,한솔리베르,1121510500,126500,68000,83.31,58500,185,서울특별시 광진구 자양동 672 한솔리베르,1,185,185,14888.31,1121510500
A12104001,도화현대,1144010400,121725,62000,79.83,59725,196,서울특별시 마포구 도화동 547 도화현대,2,196,196,15449.06,1144010400
A13003005,청계한신휴플러스,1123010500,111566.6667,51450,73.96,60116.66667,725,서울특별시 동대문구 답십리동 1002 청계한신휴플러스,10,725,725,56432.31,1123010500
A10025174,힐스테이트강동리버뷰,1174010700,135250,75000,84.987675,60250,460,서울특별시 강동구 암사동 675 힐스테이트강동리버뷰,5,460,460,35514.0952,1174010700
A10026517,서울역한라비발디센트럴아파트,1114017400,146000,85000,84.9774,61000,199,서울특별시 중구 만리동2가 288 서울역한라비발디센트럴아파트,4,199,199,16178.62,1114017400
A10024569,힐스테이트포웰시티,4145011500,113500,52500,73.811,61000,932,경기도 하남시 감이동 458 힐스테이트포웰시티,6,932,932,73695.9358,4145011500
A10027692,위례더힐55,4113110800,126753.8462,65000,85.57523077,61753.84615,1380,경기도 성남수정구 창곡동 2-10 위례더힐55,21,1380,1380,137275.0823,4113110800
A10026232,래미안미드카운티,1123010500,133800,72000,84.98777778,61800,1009,서울특별시 동대문구 답십리동 98-4 래미안미드카운티,12,1009,1009,73177.88,1123010500
A10026180,롯데캐슬노블레스,1123010400,118850,57000,59.98,61850,584,서울특별시 동대문구 전농동 518 롯데캐슬노블레스,5,584,584,41106.78,1123010400
A13778204,서초힐스,1165010300,130000,68000,59.97,62000,1082,서울특별시 서초구 우면동 773 서초힐스,12,1082,1082,81337.69,1165010300
A13071302,래미안크레시티,1123010400,118017.6471,56000,59.99,62017.64706,2397,서울특별시 동대문구 전농동 440-9 래미안크레시티,31,2397,2397,188158.66,1123010400
A12181404,도화현대홈타운,1144010400,120850,58800,84.95,62050,914,서울특별시 마포구 도화동 353 도화현대홈타운,10,914,914,84637.9,1144010400
A13003006,래미안위브,1123010500,130563.3333,67000,84.98366667,63563.33333,2199,서울특별시 동대문구 답십리동 0 래미안위브,,2199,0,190727.67,1123010500
A10045404,신당약수하이츠,1114016200,129919.2308,66153.84615,91.81230769,63765.38462,1598,서울특별시 중구 신당동 842 신당약수하이츠,16,1598,1598,129660.8,1114016200
A13716003,서초포레스타3단지,1165011100,134600,70000,59.96,64600,482,서울특별시 서초구 신원동 408 서초포레스타3단지,8,482,482,37219.4,1165011100
A10025825,광명역센트럴자이아파트,4121010600,112428.5714,47600,70.6516,64828.57143,1005,경기도 광명시 일직동 517 광명역센트럴자이아파트,7,1005,1005,80135.4291,4121010600
A14319311,자양우성7차,1121510500,142333.3333,77000,84.93,65333.33333,625,서울특별시 광진구 자양동 783-1 자양우성7차,5,625,625,45259.38,1121510500
A11081302,인왕산아이파크,1111018700,130820,65000,84.858,65820,810,서울특별시 종로구 무악동 60 인왕산아이파크,17,810,810,76071.597,1111018700
A13470503,둔촌푸르지오,1174010600,131000,65000,84.91142857,66000,800,서울특별시 강동구 둔촌동 630 둔촌푸르지오,10,800,800,66944.96,1174010600
A10026879,마곡13단지 힐스테이트마스터 아파트,1150010500,136850,70785.71429,76.05502857,66064.28571,1194,서울특별시 강서구 마곡동 748 마곡13단지 힐스테이트마스터 아파트,22,1194,1194,91644.575,1150010500
A13380301,금호자이1차,1120011000,151111.1111,85000,84.97777778,66111.11111,401,서울특별시 성동구 금호동2가 1215 금호자이1차,4,401,401,31542.63,1120011000
A10024719,힐스테이트신촌,1141011000,128644.4444,62350,59.8404,66294.44444,1226,서울특별시 서대문구 북아현동 1017 힐스테이트신촌,15,1226,1226,84233.885,1141011000
A12070101,돈의문센트레빌,1141010500,143750,77000,84.99,66750,561,서울특별시 서대문구 냉천동 261 돈의문센트레빌,14,561,561,47566.42,1141010500
A10024365,상도역롯데캐슬파크엘,1159010200,136531.5789,68894.73684,60.77158026,67636.84211,950,서울특별시 동작구 상도동 904 상도역롯데캐슬파크엘,13,950,950,68120.5232,1159010200
A46383017,이매촌한신,4113510600,118666.6667,51000,66.27,67666.66667,1184,경기도 성남분당구 이매동 124 이매촌한신,12,1184,1184,77657.76,4113510600
A10023495,DMC자이더리버,4128113100,112400,44583.33333,84.99558,67816.66667,702,경기도 고양덕양구 덕은동  DMC자이더리버,6,702,702,61646.9049,4128113100
A44376014,광교센트럴뷰아파트,4111710300,129000,60900,84.92,68100,701,경기도 수원영통구 이의동 1334 광교센트럴뷰아파트,13,701,701,58254.82,4111710300
A10045002,청구e편한세상(분양),1114016200,131750,63000,59.89,68750,737,서울특별시 중구 신당동 852 청구e편한세상(분양),13,737,737,67127,1114016200
A10027369,위례 래미안이편한세상,4113110800,138273.5294,69000,81.00794118,69273.52941,1540,경기도 성남수정구 창곡동  위례 래미안이편한세상,21,1540,1540,126421.1,4113110800
A12102002,공덕한화꿈에그린,1144010200,143500,74000,84.939,69500,192,서울특별시 마포구 공덕동 460 공덕한화꿈에그린,4,192,192,17055.253,1144010200
A14007002,도원삼성래미안,1117012000,118250,48725,59.94,69525,1458,서울특별시 용산구 도원동 23 도원삼성래미안,15,1458,1458,123754.5,1117012000
A14320304,구의현대프라임,1121510300,126426.087,56217.3913,63.10304348,70208.69565,1592,서울특별시 광진구 구의동 631-1 구의현대프라임,15,1592,1592,148388.1,1121510300
A15080507,당산현대5차,1156011400,110566.6667,40000,59.78333333,70566.66667,976,서울특별시 영등포구 당산동4가 30-1 당산현대5차,13,976,976,79993.2,1156011400
A10023410,위례우미린,4145011600,126375,55125,106.513125,71250,420,경기도 하남시 학암동 639 위례우미린,7,420,420,44860.4717,4145011600
A13787102,서초2차e편한세상,1165010800,206500,135000,116.745,71500,159,서울특별시 서초구 서초동 1529 서초2차e편한세상,3,159,159,16997.336,1165010800
A14320302,구의강변우성,1121510300,137333.3333,65000,84.76,72333.33333,354,서울특별시 광진구 구의동 546-7 구의강변우성,3,354,354,30005.04,1121510300
A46340006,봇들마을4단지,4113510900,140750,67000,59.84,73750,748,경기도 성남분당구 삼평동 718 봇들마을4단지,12,748,748,55205.06,4113510900
A13520002,강남한양수자인,1168011200,154500,80000,84.89,74500,1304,서울특별시 강남구 자곡동 77 강남한양수자인,26,1304,1304,100993.18,1168011200
A10027686,위례롯데캐슬아파트,4145011600,121815.625,47250,84.98,74565.625,1673,경기도 하남시 학암동 672 위례롯데캐슬아파트,14,1673,1673,138010.54,4145011600
A10027851,신촌푸르지오 아파트,1141011000,158040,83000,84.97889,75040,940,서울특별시 서대문구 북아현동 174 신촌푸르지오 아파트,16,940,940,68588.83,1141011000
A13402204,강변그대가리버뷰,1174010900,138500,63000,84.99,75500,225,서울특별시 강동구 천호동 568 강변그대가리버뷰,5,225,225,19118.29,1174010900
A10024615,힐스테이트클래시안아파트,1156013200,130644.4444,54600,59.90333333,76044.44444,1476,서울특별시 영등포구 신길동 240-16 힐스테이트클래시안아파트,14,1476,1476,95367.08,1156013200
A46374805,분당샛별마을라이프,4113510100,106550,30000,58.17,76550,796,경기도 성남분당구 분당동 34 분당샛별마을라이프,9,796,796,71765.08,4113510100
A13380302,래미안하이리버,1120011000,141657.8947,64000,59.98894737,77657.89474,847,서울특별시 성동구 금호동2가 1217 래미안하이리버,10,847,847,66318.48,1120011000
A10027289,센트라스,1120010200,153110,75000,59.934,78110,2529,서울특별시 성동구 하왕십리동 1070 센트라스,30,2529,2529,177397.71,1120010200
A14383203,구의현대6단지,1121510300,140583.3333,60000,84.92,80583.33333,421,서울특별시 광진구 구의동 610 구의현대6단지,3,421,423,35745.29,1121510300
A15603008,힐스테이트상도프레스티지,1159010200,145500,64575,84.8916,80925,882,서울특별시 동작구 상도동 533 힐스테이트상도프레스티지,16,882,882,82034.881,1159010200
A10025768,이편한세상 상도노빌리티,1159010200,163930,83000,84.96882,80930,893,서울특별시 동작구 상도동 903 이편한세상 상도노빌리티,8,893,893,70828.56,1159010200
A14010003,용산CJ나인파크,1117012200,143500,61882.5,84.98,81617.5,280,서울특별시 용산구 문배동 24-6 용산CJ나인파크,2,280,280,28564.9,1117012200
A10027920,텐즈힐1단지,1120010200,171088.8889,89400,84.9,81688.88889,1369,서울특별시 성동구 하왕십리동 1066 텐즈힐1단지,18,1369,1369,129089.76,1120010200
A15608003,이수힐스테이트,1159010600,143500,61425,59.9992,82075,680,서울특별시 동작구 동작동 333 이수힐스테이트,15,680,680,59856.36,1159010600
A42703002,과천래미안슈르,4129010800,162920.4188,79953.9267,79.60460733,82966.49215,3143,경기도 과천시 원문동 4 과천래미안슈르,48,3143,3143,272565.394,4129010800
A15722009,마곡엠밸리1단지,1150010500,136000,52185,84.89,83815,237,서울특별시 강서구 마곡동 734 마곡엠밸리1단지,4,237,237,16133.54,1150010500
A10026816,아크로타워스퀘어,1156010800,170500,86600,84.69,83900,1221,서울특별시 영등포구 영등포동7가 145-8 아크로타워스퀘어,7,1221,1221,89162.7,1156010800
A10024479,과천센트럴파크푸르지오써밋,4129011000,199428.5714,115000,84.98857143,84428.57143,1317,경기도 과천시 부림동 96 과천센트럴파크푸르지오써밋,15,1317,1317,109599.45,4129011000
A10024378,위례호반써밋,4145011600,141333.3333,56000,109.3822,85333.33333,699,경기도 하남시 학암동 652 위례호반써밋,9,699,699,73524.7279,4145011600
A10024433,과천위버필드아파트,4129010800,174752.0408,89155.10204,64.24510204,85596.93878,2128,경기도 과천시 원문동 10 과천위버필드아파트,21,2128,2128,224354.34,4129010800
A10025263,고덕 그라시움 아파트,1174010200,154888.8889,68063.49206,61.71047619,86825.39683,4932,서울특별시 강동구 고덕동 212 고덕 그라시움 아파트,53,4932,4935,367195.74,1174010200
A10026944,위례센트럴자이,4113110800,144277.7778,57333.33333,70.46333333,86944.44444,1413,경기도 성남수정구 창곡동 504 위례센트럴자이,19,1413,1413,87680.57,4113110800
A13778205,서초네이처힐3단지,1165010300,151000,63000,84.61,88000,1251,서울특별시 서초구 우면동 717 서초네이처힐3단지,17,1251,1251,90865.52,1165010300
A10025533,용산롯데캐슬센터포레아파트,1117011900,183625,95000,84.906375,88625,478,서울특별시 용산구 효창동 13-2 용산롯데캐슬센터포레아파트,7,478,478,32777.66,1117011900
A10025010,고덕 아르테온 아파트,1174010300,157637.2881,68385.59322,71.41338983,89251.69492,4066,서울특별시 강동구 상일동 519 고덕 아르테온 아파트,41,4066,4066,320038.25,1174010300
A12103002,신공덕3차삼성래미안,1144010300,146208.3333,55650,59.97,90558.33333,366,서울특별시 마포구 신공덕동 161 신공덕3차삼성래미안,6,366,366,29006.94,1144010300
A10027207,래미안힐스테이트 고덕,1174010200,169142.8571,76000,84.83,93142.85714,3658,서울특별시 강동구 고덕동 670 래미안힐스테이트 고덕,51,3658,3658,289807.74,1174010200
A13880701,가락미륭아파트,1171010700,133750,40000,83.58,93750,435,서울특별시 송파구 가락동 138 가락미륭아파트,4,435,435,29993.54,1171010700
A12175201,마포래미안푸르지오,1144010100,172954,72584,65.868032,100370,0,서울특별시 마포구 아현동 0 마포래미안푸르지오,,0,0,0,1144010100
A10026881,서울역센트럴자이아파트,1114017400,167442.3077,64076.92308,76.34779231,103365.3846,1341,서울특별시 중구 만리동2가 273 서울역센트럴자이아파트,14,1341,1341,91296.81,1114017400
A10027951,공덕자이(임대),1144010100,193481.8182,87500,84.99,105981.8182,201,서울특별시 마포구 아현동 799 공덕자이(임대),2,201,201,7316.4,1144010100
A10024347,마포프레스티지자이아파트,1144010900,174500,65500,59.883025,109000,1694,서울특별시 마포구 염리동 507 마포프레스티지자이아파트,18,1694,1694,117649.87,1144010900
A15679107,흑석한강센트레빌,1159010500,173400,63000,84.92377778,110400,655,서울특별시 동작구 흑석동 335 흑석한강센트레빌,10,655,655,54329.68,1159010500
A10023508,마포더클래시,1144010100,173444.2308,61883.65385,62.85576923,111560.5769,1419,서울특별시 마포구 아현동 804 마포더클래시,17,1419,1419,90160.42,1144010100
A10021637,동원베네스트,1117013100,157500,44000,84.973,113500,129,서울특별시 용산구 한남동 522-1 동원베네스트,1,129,129,10419.83,1117013100
A42780602,과천래미안에코팰리스,4129010700,179087.5,63000,84.947,116087.5,659,경기도 과천시 중앙동 71 과천래미안에코팰리스,12,659,659,55787.847,4129010700
A10027105,경희궁자이3단지,1111017700,218175.4717,101149.0566,81.04067925,117026.4151,589,서울특별시 종로구 평동 233 경희궁자이3단지,8,589,589,45327.031,1111017700
A46340004,판교봇들마을9단지금호어울림아파트,4113510900,225800,106200,109.414,119600,850,경기도 성남분당구 삼평동 744 판교봇들마을9단지금호어울림아파트,14,850,850,93919.17,4113510900
A15685702,흑석한강현대,1159010500,177000,55714.28571,75.48714286,121285.7143,960,서울특별시 동작구 흑석동 28 흑석한강현대,13,960,960,90612.75,1159010500
A14009001,용산e편한세상,1117012300,197750,70450,78.0725,127300,867,서울특별시 용산구 신계동 48 용산e편한세상,13,867,867,71064.41,1117012300
A13592706,역삼래미안,1168010100,223466.6667,95000,59.4,128466.6667,1050,서울특별시 강남구 역삼동 757 역삼래미안,12,1050,1050,69465.86,1168010100
A10025867,흑석롯데캐슬에듀포레,1159010500,182785.7143,50085,84.98414286,132700.7143,545,서울특별시 동작구 흑석동 340 흑석롯데캐슬에듀포레,7,545,545,38395.02,1159010500
A10024564,개포래미안포레스트,1168010300,234866.6667,100000,59.92,134866.6667,2296,서울특별시 강남구 개포동 1282 개포래미안포레스트,31,2296,2296,178215.29,1168010300
A13790721,신반포7차,1165010600,210500,70000,107.29,140500,320,서울특별시 서초구 잠원동 65-32 신반포7차,3,320,320,39724.98,1165010600
A10025770,아크로 리버하임,1159010500,239218.75,90300,84.917925,148918.75,1073,서울특별시 동작구 흑석동 158-1 아크로 리버하임,20,1073,1073,81538.28,1159010500
A13704404,반포미도아파트,1165010700,233333.3333,69000,71.49,164333.3333,1260,서울특별시 서초구 반포동 60-4 반포미도아파트,8,1260,1260,107049.6,1165010700
A13583507,은마,1168010600,286066.6667,80000,76.79,206066.6667,4424,서울특별시 강남구 대치동 316 은마,28,4424,4424,353088.96,1168010600
A10025675,래미안블레스티지,1168010300,320785.7143,114450,84.94085714,206335.7143,1957,서울특별시 강남구 개포동 1280 래미안블레스티지,23,1957,1957,160922.329,1168010300
A14003007,LG한강자이,1117012900,370000,150150,133.79,219850,656,서울특별시 용산구 이촌동 430 LG한강자이,10,656,656,107575.09,1117012900
A13779431,신반포22,1165010600,263000,37000,75.79,226000,132,서울특별시 서초구 잠원동 65-33 신반포22,1,132,132,15167.56,1165010600
A10027800,래미안 대치 팰리스,1168010600,405375,152200,84.985,253175,1608,서울특별시 강남구 대치동 633 래미안 대치 팰리스,17,1608,1608,154173.87,1168010600
A10027205,아크로리버파크,1165010700,374000,76829,59.98,297171,1612,서울특별시 서초구 반포동 2-12 아크로리버파크,15,1612,1612,155508.55,1165010700
